[debug] [2025-07-24T09:17:29.682Z] ----------------------------------------------------------------------
[debug] [2025-07-24T09:17:29.688Z] Command:       C:\Program Files\nodejs\node.exe C:\Users\PawanRajoria\AppData\Roaming\npm\node_modules\firebase-tools\lib\bin\firebase.js deploy
[debug] [2025-07-24T09:17:29.689Z] CLI Version:   14.11.1
[debug] [2025-07-24T09:17:29.689Z] Platform:      win32
[debug] [2025-07-24T09:17:29.689Z] Node Version:  v24.4.0
[debug] [2025-07-24T09:17:29.690Z] Time:          Thu Jul 24 2025 14:47:29 GMT+0530 (India Standard Time)
[debug] [2025-07-24T09:17:29.690Z] ----------------------------------------------------------------------
[debug] 
[debug] [2025-07-24T09:17:30.072Z] > command requires scopes: ["email","openid","https://www.googleapis.com/auth/cloudplatformprojects.readonly","https://www.googleapis.com/auth/firebase","https://www.googleapis.com/auth/cloud-platform"]
[debug] [2025-07-24T09:17:30.072Z] > authorizing via signed-in user (profitpiller.web@gmail.com)
[debug] [2025-07-24T09:17:30.073Z] [iam] checking project visionpaidsurvey for permissions ["cloudfunctions.functions.create","cloudfunctions.functions.delete","cloudfunctions.functions.get","cloudfunctions.functions.list","cloudfunctions.functions.update","cloudfunctions.operations.get","firebase.projects.get","firebasehosting.sites.update"]
[debug] [2025-07-24T09:17:30.075Z] Checked if tokens are valid: true, expires at: 1753350630557
[debug] [2025-07-24T09:17:30.075Z] Checked if tokens are valid: true, expires at: 1753350630557
[debug] [2025-07-24T09:17:30.076Z] >>> [apiv2][query] POST https://cloudresourcemanager.googleapis.com/v1/projects/visionpaidsurvey:testIamPermissions [none]
[debug] [2025-07-24T09:17:30.076Z] >>> [apiv2][(partial)header] POST https://cloudresourcemanager.googleapis.com/v1/projects/visionpaidsurvey:testIamPermissions x-goog-quota-user=projects/visionpaidsurvey
[debug] [2025-07-24T09:17:30.076Z] >>> [apiv2][body] POST https://cloudresourcemanager.googleapis.com/v1/projects/visionpaidsurvey:testIamPermissions {"permissions":["cloudfunctions.functions.create","cloudfunctions.functions.delete","cloudfunctions.functions.get","cloudfunctions.functions.list","cloudfunctions.functions.update","cloudfunctions.operations.get","firebase.projects.get","firebasehosting.sites.update"]}
[debug] [2025-07-24T09:17:31.655Z] <<< [apiv2][status] POST https://cloudresourcemanager.googleapis.com/v1/projects/visionpaidsurvey:testIamPermissions 200
[debug] [2025-07-24T09:17:31.655Z] <<< [apiv2][body] POST https://cloudresourcemanager.googleapis.com/v1/projects/visionpaidsurvey:testIamPermissions {"permissions":["cloudfunctions.functions.create","cloudfunctions.functions.delete","cloudfunctions.functions.get","cloudfunctions.functions.list","cloudfunctions.functions.update","cloudfunctions.operations.get","firebase.projects.get","firebasehosting.sites.update"]}
[debug] [2025-07-24T09:17:31.657Z] Checked if tokens are valid: true, expires at: 1753350630557
[debug] [2025-07-24T09:17:31.657Z] Checked if tokens are valid: true, expires at: 1753350630557
[debug] [2025-07-24T09:17:31.657Z] >>> [apiv2][query] POST https://iam.googleapis.com/v1/projects/visionpaidsurvey/serviceAccounts/visionpaidsurvey@appspot.gserviceaccount.com:testIamPermissions [none]
[debug] [2025-07-24T09:17:31.657Z] >>> [apiv2][body] POST https://iam.googleapis.com/v1/projects/visionpaidsurvey/serviceAccounts/visionpaidsurvey@appspot.gserviceaccount.com:testIamPermissions {"permissions":["iam.serviceAccounts.actAs"]}
[debug] [2025-07-24T09:17:33.477Z] <<< [apiv2][status] POST https://iam.googleapis.com/v1/projects/visionpaidsurvey/serviceAccounts/visionpaidsurvey@appspot.gserviceaccount.com:testIamPermissions 200
[debug] [2025-07-24T09:17:33.477Z] <<< [apiv2][body] POST https://iam.googleapis.com/v1/projects/visionpaidsurvey/serviceAccounts/visionpaidsurvey@appspot.gserviceaccount.com:testIamPermissions {"permissions":["iam.serviceAccounts.actAs"]}
[debug] [2025-07-24T09:17:33.478Z] Checked if tokens are valid: true, expires at: 1753350630557
[debug] [2025-07-24T09:17:33.478Z] Checked if tokens are valid: true, expires at: 1753350630557
[debug] [2025-07-24T09:17:33.479Z] >>> [apiv2][query] GET https://firebase.googleapis.com/v1beta1/projects/visionpaidsurvey [none]
[debug] [2025-07-24T09:17:33.875Z] <<< [apiv2][status] GET https://firebase.googleapis.com/v1beta1/projects/visionpaidsurvey 200
[debug] [2025-07-24T09:17:33.875Z] <<< [apiv2][body] GET https://firebase.googleapis.com/v1beta1/projects/visionpaidsurvey {"projectId":"visionpaidsurvey","projectNumber":"988754056043","displayName":"VisionPaidSurvey","name":"projects/visionpaidsurvey","resources":{"hostingSite":"visionpaidsurvey"},"state":"ACTIVE","etag":"1_68a7e6c5-fa19-43a9-8ff8-b744697e6188"}
[info] 
[info] === Deploying to 'visionpaidsurvey'...
[info] 
[info] i  deploying functions, hosting 
[info] Running command: npm --prefix "$RESOURCE_DIR" run build
[info] +  functions: Finished running predeploy script. 
[debug] [2025-07-24T09:17:44.571Z] Checked if tokens are valid: true, expires at: 1753350630557
[debug] [2025-07-24T09:17:44.571Z] Checked if tokens are valid: true, expires at: 1753350630557
[debug] [2025-07-24T09:17:44.571Z] >>> [apiv2][query] GET https://cloudresourcemanager.googleapis.com/v1/projects/visionpaidsurvey [none]
[debug] [2025-07-24T09:17:46.127Z] <<< [apiv2][status] GET https://cloudresourcemanager.googleapis.com/v1/projects/visionpaidsurvey 200
[debug] [2025-07-24T09:17:46.128Z] <<< [apiv2][body] GET https://cloudresourcemanager.googleapis.com/v1/projects/visionpaidsurvey {"projectNumber":"988754056043","projectId":"visionpaidsurvey","lifecycleState":"ACTIVE","name":"VisionPaidSurvey","labels":{"firebase":"enabled","firebase-core":"disabled"},"createTime":"2025-03-18T11:48:26.267051Z"}
[info] i  functions: preparing codebase default for deployment 
[info] i  functions: ensuring required API cloudfunctions.googleapis.com is enabled... 
[info] i  functions: ensuring required API cloudbuild.googleapis.com is enabled... 
[info] i  artifactregistry: ensuring required API artifactregistry.googleapis.com is enabled... 
[debug] [2025-07-24T09:17:46.142Z] Checked if tokens are valid: true, expires at: 1753350630557
[debug] [2025-07-24T09:17:46.142Z] Checked if tokens are valid: true, expires at: 1753350630557
[debug] [2025-07-24T09:17:46.142Z] >>> [apiv2][query] GET https://firebase.googleapis.com/v1beta1/projects/visionpaidsurvey/adminSdkConfig [none]
[debug] [2025-07-24T09:17:46.605Z] <<< [apiv2][status] GET https://firebase.googleapis.com/v1beta1/projects/visionpaidsurvey/adminSdkConfig 200
[debug] [2025-07-24T09:17:46.606Z] <<< [apiv2][body] GET https://firebase.googleapis.com/v1beta1/projects/visionpaidsurvey/adminSdkConfig {"projectId":"visionpaidsurvey","storageBucket":"visionpaidsurvey.firebasestorage.app"}
[debug] [2025-07-24T09:17:46.607Z] Checked if tokens are valid: true, expires at: 1753350630557
[debug] [2025-07-24T09:17:46.607Z] Checked if tokens are valid: true, expires at: 1753350630557
[debug] [2025-07-24T09:17:46.607Z] >>> [apiv2][query] GET https://runtimeconfig.googleapis.com/v1beta1/projects/visionpaidsurvey/configs [none]
[debug] [2025-07-24T09:17:47.107Z] <<< [apiv2][status] GET https://runtimeconfig.googleapis.com/v1beta1/projects/visionpaidsurvey/configs 200
[debug] [2025-07-24T09:17:47.107Z] <<< [apiv2][body] GET https://runtimeconfig.googleapis.com/v1beta1/projects/visionpaidsurvey/configs {}
[debug] [2025-07-24T09:17:47.114Z] Validating nodejs source
[debug] [2025-07-24T09:17:48.593Z] > [functions] package.json contents: {
  "name": "functions",
  "scripts": {
    "build": "tsc",
    "build:watch": "tsc --watch",
    "serve": "npm run build && firebase emulators:start --only functions",
    "shell": "npm run build && firebase functions:shell",
    "start": "npm run shell",
    "deploy": "firebase deploy --only functions",
    "logs": "firebase functions:log"
  },
  "engines": {
    "node": "22"
  },
  "main": "lib/index.js",
  "dependencies": {
    "express": "^4.20.0",
    "firebase-admin": "^12.6.0",
    "firebase-functions": "^6.0.1"
  },
  "devDependencies": {
    "firebase-functions-test": "^3.1.0",
    "typescript": "^5.7.3"
  },
  "private": true
}
[debug] [2025-07-24T09:17:48.594Z] Building nodejs source
[info] i  functions: Loading and analyzing source code for codebase default to determine what to deploy 
[debug] [2025-07-24T09:17:48.596Z] Could not find functions.yaml. Must use http discovery
[debug] [2025-07-24T09:17:48.617Z] Found firebase-functions binary at 'C:\Users\PawanRajoria\Downloads\new changes\VisionPaidSurvey\functions\node_modules\.bin\firebase-functions'
[info] Serving at port 8185

[debug] [2025-07-24T09:17:50.108Z] Got response from /__/functions.yaml {"endpoints":{"ssr":{"availableMemoryMb":null,"timeoutSeconds":60,"minInstances":null,"maxInstances":10,"ingressSettings":null,"concurrency":null,"serviceAccountEmail":null,"vpc":null,"platform":"gcfv2","labels":{},"httpsTrigger":{},"entryPoint":"ssr"}},"specVersion":"v1alpha1","requiredAPIs":[],"extensions":{}}
[info] i  extensions: ensuring required API firebaseextensions.googleapis.com is enabled... 
[debug] [2025-07-24T09:17:54.155Z] > command requires scopes: ["email","openid","https://www.googleapis.com/auth/cloudplatformprojects.readonly","https://www.googleapis.com/auth/firebase","https://www.googleapis.com/auth/cloud-platform"]
[debug] [2025-07-24T09:17:54.155Z] > authorizing via signed-in user (profitpiller.web@gmail.com)
[debug] [2025-07-24T09:17:54.155Z] [iam] checking project visionpaidsurvey for permissions ["firebase.projects.get","firebaseextensions.instances.list"]
[debug] [2025-07-24T09:17:54.155Z] Checked if tokens are valid: true, expires at: 1753350630557
[debug] [2025-07-24T09:17:54.155Z] Checked if tokens are valid: true, expires at: 1753350630557
[debug] [2025-07-24T09:17:54.155Z] >>> [apiv2][query] POST https://cloudresourcemanager.googleapis.com/v1/projects/visionpaidsurvey:testIamPermissions [none]
[debug] [2025-07-24T09:17:54.155Z] >>> [apiv2][(partial)header] POST https://cloudresourcemanager.googleapis.com/v1/projects/visionpaidsurvey:testIamPermissions x-goog-quota-user=projects/visionpaidsurvey
[debug] [2025-07-24T09:17:54.155Z] >>> [apiv2][body] POST https://cloudresourcemanager.googleapis.com/v1/projects/visionpaidsurvey:testIamPermissions {"permissions":["firebase.projects.get","firebaseextensions.instances.list"]}
[debug] [2025-07-24T09:17:55.650Z] <<< [apiv2][status] POST https://cloudresourcemanager.googleapis.com/v1/projects/visionpaidsurvey:testIamPermissions 200
[debug] [2025-07-24T09:17:55.650Z] <<< [apiv2][body] POST https://cloudresourcemanager.googleapis.com/v1/projects/visionpaidsurvey:testIamPermissions {"permissions":["firebase.projects.get","firebaseextensions.instances.list"]}
[debug] [2025-07-24T09:17:55.653Z] Checked if tokens are valid: true, expires at: 1753350630557
[debug] [2025-07-24T09:17:55.654Z] Checked if tokens are valid: true, expires at: 1753350630557
[debug] [2025-07-24T09:17:55.654Z] >>> [apiv2][query] GET https://firebaseextensions.googleapis.com/v1beta/projects/visionpaidsurvey/instances pageSize=100&pageToken=
[debug] [2025-07-24T09:17:57.350Z] <<< [apiv2][status] GET https://firebaseextensions.googleapis.com/v1beta/projects/visionpaidsurvey/instances 200
[debug] [2025-07-24T09:17:57.351Z] <<< [apiv2][body] GET https://firebaseextensions.googleapis.com/v1beta/projects/visionpaidsurvey/instances {}
[info] i  functions: preparing functions directory for uploading... 
[info] i  functions: packaged C:\Users\PawanRajoria\Downloads\new changes\VisionPaidSurvey\functions (68.75 KB) for uploading 
[debug] [2025-07-24T09:17:57.418Z] Checked if tokens are valid: true, expires at: 1753350630557
[debug] [2025-07-24T09:17:57.418Z] Checked if tokens are valid: true, expires at: 1753350630557
[debug] [2025-07-24T09:17:57.418Z] >>> [apiv2][query] GET https://cloudfunctions.googleapis.com/v1/projects/visionpaidsurvey/locations/-/functions [none]
[debug] [2025-07-24T09:17:58.155Z] <<< [apiv2][status] GET https://cloudfunctions.googleapis.com/v1/projects/visionpaidsurvey/locations/-/functions 200
[debug] [2025-07-24T09:17:58.155Z] <<< [apiv2][body] GET https://cloudfunctions.googleapis.com/v1/projects/visionpaidsurvey/locations/-/functions {}
[debug] [2025-07-24T09:17:58.156Z] Checked if tokens are valid: true, expires at: 1753350630557
[debug] [2025-07-24T09:17:58.156Z] Checked if tokens are valid: true, expires at: 1753350630557
[debug] [2025-07-24T09:17:58.156Z] >>> [apiv2][query] GET https://cloudfunctions.googleapis.com/v2/projects/visionpaidsurvey/locations/-/functions filter=environment%3D%22GEN_2%22
[debug] [2025-07-24T09:17:59.776Z] <<< [apiv2][status] GET https://cloudfunctions.googleapis.com/v2/projects/visionpaidsurvey/locations/-/functions 200
[debug] [2025-07-24T09:17:59.776Z] <<< [apiv2][body] GET https://cloudfunctions.googleapis.com/v2/projects/visionpaidsurvey/locations/-/functions {"functions":[{"name":"projects/visionpaidsurvey/locations/us-central1/functions/ssr","buildConfig":{"build":"projects/988754056043/locations/us-central1/builds/eb4d636a-3a26-45f8-96c4-9a5239b4df43","runtime":"nodejs22","entryPoint":"ssr","source":{"storageSource":{"bucket":"gcf-v2-sources-988754056043-us-central1","object":"ssr/function-source.zip","generation":"1753348164668300"}},"environmentVariables":{"GOOGLE_NODE_RUN_SCRIPTS":""},"dockerRepository":"projects/visionpaidsurvey/locations/us-central1/repositories/gcf-artifacts","serviceAccount":"projects/visionpaidsurvey/serviceAccounts/988754056043-compute@developer.gserviceaccount.com","automaticUpdatePolicy":{}},"serviceConfig":{"service":"projects/visionpaidsurvey/locations/us-central1/services/ssr","timeoutSeconds":60,"environmentVariables":{"FIREBASE_CONFIG":"{\"projectId\":\"visionpaidsurvey\",\"storageBucket\":\"visionpaidsurvey.firebasestorage.app\"}","GCLOUD_PROJECT":"visionpaidsurvey","EVENTARC_CLOUD_EVENT_SOURCE":"projects/visionpaidsurvey/locations/us-central1/services/ssr","FUNCTION_TARGET":"ssr","LOG_EXECUTION_ID":"true"},"maxInstanceCount":10,"ingressSettings":"ALLOW_ALL","uri":"https://ssr-xy4tu5wnxa-uc.a.run.app","serviceAccountEmail":"988754056043-compute@developer.gserviceaccount.com","availableMemory":"256Mi","allTrafficOnLatestRevision":true,"revision":"ssr-00004-rab","maxInstanceRequestConcurrency":80,"availableCpu":"1"},"state":"ACTIVE","updateTime":"2025-07-24T09:10:50.031037077Z","labels":{"deployment-tool":"cli-firebase","firebase-functions-hash":"83565e00271d2ad32c0d59a9a5809e5dc088ea56"},"environment":"GEN_2","url":"https://us-central1-visionpaidsurvey.cloudfunctions.net/ssr","createTime":"2025-07-23T14:26:47.460559120Z","satisfiesPzi":true}]}
[info] i  functions: ensuring required API run.googleapis.com is enabled... 
[info] i  functions: ensuring required API eventarc.googleapis.com is enabled... 
[info] i  functions: ensuring required API pubsub.googleapis.com is enabled... 
[info] i  functions: ensuring required API storage.googleapis.com is enabled... 
[info] i  functions: generating the service identity for pubsub.googleapis.com... 
[debug] [2025-07-24T09:17:59.784Z] Checked if tokens are valid: true, expires at: 1753350630557
[debug] [2025-07-24T09:17:59.784Z] Checked if tokens are valid: true, expires at: 1753350630557
[info] i  functions: generating the service identity for eventarc.googleapis.com... 
[debug] [2025-07-24T09:17:59.785Z] Checked if tokens are valid: true, expires at: 1753350630557
[debug] [2025-07-24T09:17:59.785Z] Checked if tokens are valid: true, expires at: 1753350630557
[debug] [2025-07-24T09:17:59.785Z] >>> [apiv2][query] POST https://serviceusage.googleapis.com/v1beta1/projects/988754056043/services/pubsub.googleapis.com:generateServiceIdentity [none]
[debug] [2025-07-24T09:17:59.785Z] >>> [apiv2][(partial)header] POST https://serviceusage.googleapis.com/v1beta1/projects/988754056043/services/pubsub.googleapis.com:generateServiceIdentity x-goog-quota-user=projects/988754056043
[debug] [2025-07-24T09:17:59.785Z] >>> [apiv2][body] POST https://serviceusage.googleapis.com/v1beta1/projects/988754056043/services/pubsub.googleapis.com:generateServiceIdentity {}
[debug] [2025-07-24T09:17:59.786Z] >>> [apiv2][query] POST https://serviceusage.googleapis.com/v1beta1/projects/988754056043/services/eventarc.googleapis.com:generateServiceIdentity [none]
[debug] [2025-07-24T09:17:59.787Z] >>> [apiv2][(partial)header] POST https://serviceusage.googleapis.com/v1beta1/projects/988754056043/services/eventarc.googleapis.com:generateServiceIdentity x-goog-quota-user=projects/988754056043
[debug] [2025-07-24T09:17:59.787Z] >>> [apiv2][body] POST https://serviceusage.googleapis.com/v1beta1/projects/988754056043/services/eventarc.googleapis.com:generateServiceIdentity {}
[debug] [2025-07-24T09:18:00.217Z] <<< [apiv2][status] POST https://serviceusage.googleapis.com/v1beta1/projects/988754056043/services/pubsub.googleapis.com:generateServiceIdentity 200
[debug] [2025-07-24T09:18:00.217Z] <<< [apiv2][body] POST https://serviceusage.googleapis.com/v1beta1/projects/988754056043/services/pubsub.googleapis.com:generateServiceIdentity {"name":"operations/finished.DONE_OPERATION","done":true,"response":{"@type":"type.googleapis.com/google.api.serviceusage.v1beta1.ServiceIdentity","email":"service-988754056043@gcp-sa-pubsub.iam.gserviceaccount.com","uniqueId":"110095079021120034640"}}
[debug] [2025-07-24T09:18:01.698Z] <<< [apiv2][status] POST https://serviceusage.googleapis.com/v1beta1/projects/988754056043/services/eventarc.googleapis.com:generateServiceIdentity 200
[debug] [2025-07-24T09:18:01.699Z] <<< [apiv2][body] POST https://serviceusage.googleapis.com/v1beta1/projects/988754056043/services/eventarc.googleapis.com:generateServiceIdentity {"name":"operations/finished.DONE_OPERATION","done":true,"response":{"@type":"type.googleapis.com/google.api.serviceusage.v1beta1.ServiceIdentity","email":"service-988754056043@gcp-sa-eventarc.iam.gserviceaccount.com","uniqueId":"113987707741072430431"}}
[debug] [2025-07-24T09:18:01.704Z] Checked if tokens are valid: true, expires at: 1753350630557
[debug] [2025-07-24T09:18:01.704Z] Checked if tokens are valid: true, expires at: 1753350630557
[debug] [2025-07-24T09:18:01.705Z] >>> [apiv2][query] GET https://cloudresourcemanager.googleapis.com/v1/projects/visionpaidsurvey [none]
[debug] [2025-07-24T09:18:03.232Z] <<< [apiv2][status] GET https://cloudresourcemanager.googleapis.com/v1/projects/visionpaidsurvey 200
[debug] [2025-07-24T09:18:03.233Z] <<< [apiv2][body] GET https://cloudresourcemanager.googleapis.com/v1/projects/visionpaidsurvey {"projectNumber":"988754056043","projectId":"visionpaidsurvey","lifecycleState":"ACTIVE","name":"VisionPaidSurvey","labels":{"firebase":"enabled","firebase-core":"disabled"},"createTime":"2025-03-18T11:48:26.267051Z"}
[debug] [2025-07-24T09:18:03.234Z] Checked if tokens are valid: true, expires at: 1753350630557
[debug] [2025-07-24T09:18:03.234Z] Checked if tokens are valid: true, expires at: 1753350630557
[debug] [2025-07-24T09:18:03.235Z] >>> [apiv2][query] GET https://compute.googleapis.com/compute/v1/projects/988754056043 [none]
[debug] [2025-07-24T09:18:03.682Z] <<< [apiv2][status] GET https://compute.googleapis.com/compute/v1/projects/988754056043 403
[debug] [2025-07-24T09:18:03.682Z] <<< [apiv2][body] GET https://compute.googleapis.com/compute/v1/projects/988754056043 {"error":{"code":403,"message":"Compute Engine API has not been used in project 988754056043 before or it is disabled. Enable it by visiting https://console.developers.google.com/apis/api/compute.googleapis.com/overview?project=988754056043 then retry. If you enabled this API recently, wait a few minutes for the action to propagate to our systems and retry.","errors":[{"message":"Compute Engine API has not been used in project 988754056043 before or it is disabled. Enable it by visiting https://console.developers.google.com/apis/api/compute.googleapis.com/overview?project=988754056043 then retry. If you enabled this API recently, wait a few minutes for the action to propagate to our systems and retry.","domain":"usageLimits","reason":"accessNotConfigured","extendedHelp":"https://console.developers.google.com"}],"status":"PERMISSION_DENIED","details":[{"@type":"type.googleapis.com/google.rpc.ErrorInfo","reason":"SERVICE_DISABLED","domain":"googleapis.com","metadata":{"containerInfo":"988754056043","serviceTitle":"Compute Engine API","activationUrl":"https://console.developers.google.com/apis/api/compute.googleapis.com/overview?project=988754056043","consumer":"projects/988754056043","service":"compute.googleapis.com"}},{"@type":"type.googleapis.com/google.rpc.LocalizedMessage","locale":"en-US","message":"Compute Engine API has not been used in project 988754056043 before or it is disabled. Enable it by visiting https://console.developers.google.com/apis/api/compute.googleapis.com/overview?project=988754056043 then retry. If you enabled this API recently, wait a few minutes for the action to propagate to our systems and retry."},{"@type":"type.googleapis.com/google.rpc.Help","links":[{"description":"Google developers console API activation","url":"https://console.developers.google.com/apis/api/compute.googleapis.com/overview?project=988754056043"}]}]}}
[debug] [2025-07-24T09:18:03.683Z] unable to look up default compute service account. Falling back to 988754056043-compute@developer.gserviceaccount.com. Error: {"name":"FirebaseError","children":[],"context":{"body":{"error":{"code":403,"message":"Compute Engine API has not been used in project 988754056043 before or it is disabled. Enable it by visiting https://console.developers.google.com/apis/api/compute.googleapis.com/overview?project=988754056043 then retry. If you enabled this API recently, wait a few minutes for the action to propagate to our systems and retry.","errors":[{"message":"Compute Engine API has not been used in project 988754056043 before or it is disabled. Enable it by visiting https://console.developers.google.com/apis/api/compute.googleapis.com/overview?project=988754056043 then retry. If you enabled this API recently, wait a few minutes for the action to propagate to our systems and retry.","domain":"usageLimits","reason":"accessNotConfigured","extendedHelp":"https://console.developers.google.com"}],"status":"PERMISSION_DENIED","details":[{"@type":"type.googleapis.com/google.rpc.ErrorInfo","reason":"SERVICE_DISABLED","domain":"googleapis.com","metadata":{"containerInfo":"988754056043","serviceTitle":"Compute Engine API","activationUrl":"https://console.developers.google.com/apis/api/compute.googleapis.com/overview?project=988754056043","consumer":"projects/988754056043","service":"compute.googleapis.com"}},{"@type":"type.googleapis.com/google.rpc.LocalizedMessage","locale":"en-US","message":"Compute Engine API has not been used in project 988754056043 before or it is disabled. Enable it by visiting https://console.developers.google.com/apis/api/compute.googleapis.com/overview?project=988754056043 then retry. If you enabled this API recently, wait a few minutes for the action to propagate to our systems and retry."},{"@type":"type.googleapis.com/google.rpc.Help","links":[{"description":"Google developers console API activation","url":"https://console.developers.google.com/apis/api/compute.googleapis.com/overview?project=988754056043"}]}]}},"response":{"statusCode":403}},"exit":1,"message":"Request to https://compute.googleapis.com/compute/v1/projects/988754056043 had HTTP Error: 403, Compute Engine API has not been used in project 988754056043 before or it is disabled. Enable it by visiting https://console.developers.google.com/apis/api/compute.googleapis.com/overview?project=988754056043 then retry. If you enabled this API recently, wait a few minutes for the action to propagate to our systems and retry.","status":403}
[debug] [2025-07-24T09:18:03.688Z] Checked if tokens are valid: true, expires at: 1753350630557
[debug] [2025-07-24T09:18:03.689Z] Checked if tokens are valid: true, expires at: 1753350630557
[debug] [2025-07-24T09:18:03.689Z] >>> [apiv2][query] POST https://firebasehosting.googleapis.com/v1beta1/projects/-/sites/visionpaidsurvey/versions [none]
[debug] [2025-07-24T09:18:03.689Z] >>> [apiv2][body] POST https://firebasehosting.googleapis.com/v1beta1/projects/-/sites/visionpaidsurvey/versions {"status":"CREATED","labels":{"deployment-tool":"cli-firebase"}}
[debug] [2025-07-24T09:18:05.100Z] <<< [apiv2][status] POST https://firebasehosting.googleapis.com/v1beta1/projects/-/sites/visionpaidsurvey/versions 200
[debug] [2025-07-24T09:18:05.101Z] <<< [apiv2][body] POST https://firebasehosting.googleapis.com/v1beta1/projects/-/sites/visionpaidsurvey/versions {"name":"projects/988754056043/sites/visionpaidsurvey/versions/f863493098faf6ab","status":"CREATED","config":{},"labels":{"deployment-tool":"cli-firebase"}}
[debug] [2025-07-24T09:18:05.102Z] Checked if tokens are valid: true, expires at: 1753350630557
[debug] [2025-07-24T09:18:05.102Z] Checked if tokens are valid: true, expires at: 1753350630557
[debug] [2025-07-24T09:18:05.102Z] >>> [apiv2][query] GET https://cloudbilling.googleapis.com/v1/projects/visionpaidsurvey/billingInfo [none]
[debug] [2025-07-24T09:18:06.598Z] <<< [apiv2][status] GET https://cloudbilling.googleapis.com/v1/projects/visionpaidsurvey/billingInfo 200
[debug] [2025-07-24T09:18:06.598Z] <<< [apiv2][body] GET https://cloudbilling.googleapis.com/v1/projects/visionpaidsurvey/billingInfo {"name":"projects/visionpaidsurvey/billingInfo","projectId":"visionpaidsurvey","billingAccountName":"billingAccounts/015892-78EF93-D7D3D2","billingEnabled":true}
[debug] [2025-07-24T09:18:06.603Z] Checked if tokens are valid: true, expires at: 1753350630557
[debug] [2025-07-24T09:18:06.604Z] Checked if tokens are valid: true, expires at: 1753350630557
[debug] [2025-07-24T09:18:06.604Z] >>> [apiv2][query] POST https://cloudfunctions.googleapis.com/v2/projects/visionpaidsurvey/locations/us-central1/functions:generateUploadUrl [none]
[debug] [2025-07-24T09:18:08.336Z] <<< [apiv2][status] POST https://cloudfunctions.googleapis.com/v2/projects/visionpaidsurvey/locations/us-central1/functions:generateUploadUrl 200
[debug] [2025-07-24T09:18:08.336Z] <<< [apiv2][body] POST https://cloudfunctions.googleapis.com/v2/projects/visionpaidsurvey/locations/us-central1/functions:generateUploadUrl {"uploadUrl":"https://storage.googleapis.com/gcf-v2-uploads-988754056043.us-central1.cloudfunctions.appspot.com/13275d85-f4e3-4ca2-8945-1b2f1950b04e.zip?GoogleAccessId=service-988754056043@gcf-admin-robot.iam.gserviceaccount.com&Expires=1753350487&Signature=swBiWTbFuyTlo2YhogkzPY23Y9%2FZRVXZJuGZo6%2FoZeFmISKb0EC1zS%2BNSeud%2BlB3TLmQrMRFwTCKdCcyLvOFAkDYKHV1AS6JhJQ5KkjBz1UjHBF575ZWsBnXT9oyME44Cov%2FlhOfkdI7AmHzv%2Bd%2Fc7Ns2t7B66WCcW6QE%2FoBQBlNI9a0glUjrQPXDw0kZ9CliOZGYDHiUFoGh8ZjtGgC1aNw1tRtFxnr5wxDUh8fREjUHliMiCYOdjrvXxSQqW0LbnQjwT%2Bh%2BQTytCi8e3mPM6IXjS1Met%2BUh%2BEj2MB3%2FFVNWALGtfD7bBXtspKPbqhUGmGovOpduDBVtYvvpQCSKA%3D%3D","storageSource":{"bucket":"gcf-v2-uploads-988754056043.us-central1.cloudfunctions.appspot.com","object":"13275d85-f4e3-4ca2-8945-1b2f1950b04e.zip"}}
[debug] [2025-07-24T09:18:08.338Z] >>> [apiv2][query] PUT https://storage.googleapis.com/gcf-v2-uploads-988754056043.us-central1.cloudfunctions.appspot.com/13275d85-f4e3-4ca2-8945-1b2f1950b04e.zip GoogleAccessId=service-988754056043%40gcf-admin-robot.iam.gserviceaccount.com&Expires=1753350487&Signature=swBiWTbFuyTlo2YhogkzPY23Y9%2FZRVXZJuGZo6%2FoZeFmISKb0EC1zS%2BNSeud%2BlB3TLmQrMRFwTCKdCcyLvOFAkDYKHV1AS6JhJQ5KkjBz1UjHBF575ZWsBnXT9oyME44Cov%2FlhOfkdI7AmHzv%2Bd%2Fc7Ns2t7B66WCcW6QE%2FoBQBlNI9a0glUjrQPXDw0kZ9CliOZGYDHiUFoGh8ZjtGgC1aNw1tRtFxnr5wxDUh8fREjUHliMiCYOdjrvXxSQqW0LbnQjwT%2Bh%2BQTytCi8e3mPM6IXjS1Met%2BUh%2BEj2MB3%2FFVNWALGtfD7bBXtspKPbqhUGmGovOpduDBVtYvvpQCSKA%3D%3D
[debug] [2025-07-24T09:18:08.338Z] >>> [apiv2][body] PUT https://storage.googleapis.com/gcf-v2-uploads-988754056043.us-central1.cloudfunctions.appspot.com/13275d85-f4e3-4ca2-8945-1b2f1950b04e.zip [stream]
[debug] [2025-07-24T09:18:10.715Z] <<< [apiv2][status] PUT https://storage.googleapis.com/gcf-v2-uploads-988754056043.us-central1.cloudfunctions.appspot.com/13275d85-f4e3-4ca2-8945-1b2f1950b04e.zip 200
[debug] [2025-07-24T09:18:10.715Z] <<< [apiv2][body] PUT https://storage.googleapis.com/gcf-v2-uploads-988754056043.us-central1.cloudfunctions.appspot.com/13275d85-f4e3-4ca2-8945-1b2f1950b04e.zip [omitted]
[info] +  functions: functions folder uploaded successfully 
[info] i  hosting[visionpaidsurvey]: beginning deploy... 
[info] i  hosting[visionpaidsurvey]: found 306 files in dist/VisionPaidSurvey/browser 
[debug] [2025-07-24T09:18:10.789Z] [hosting] uploading with 200 concurrency
[debug] [2025-07-24T09:18:11.073Z] Checked if tokens are valid: true, expires at: 1753350630557
[debug] [2025-07-24T09:18:11.073Z] Checked if tokens are valid: true, expires at: 1753350630557
[debug] [2025-07-24T09:18:11.076Z] [hosting] hash cache [ZGlzdFxWaXNpb25QYWlkU3VydmV5XGJyb3dzZXI] stored for 306 files
[debug] [2025-07-24T09:18:11.076Z] [hosting][hash queue][FINAL] {"max":274,"min":0,"avg":20.127450980392155,"active":0,"complete":306,"success":306,"errored":0,"retried":0,"total":306,"elapsed":279}
[debug] [2025-07-24T09:18:11.077Z] >>> [apiv2][query] POST https://firebasehosting.googleapis.com/v1beta1/projects/988754056043/sites/visionpaidsurvey/versions/f863493098faf6ab:populateFiles [none]
[debug] [2025-07-24T09:18:11.077Z] >>> [apiv2][body] POST https://firebasehosting.googleapis.com/v1beta1/projects/988754056043/sites/visionpaidsurvey/versions/f863493098faf6ab:populateFiles {"files":{"/index.csr.html":"073b48713da9eaf5f88cb45974d6d6436ca834e1dca75521a77405202803c8bc","/chunk-ZBEZJ5JH.js":"614d37e1e095796180ec29d4678b6b78b2ee2914b54efeafd884339e0e15adeb","/polyfills-B6TNHZQ6.js":"a87c0954a6184a0e0d27cd02df3fe43c02f121416dc1d71923148f1dbbdc377a","/assets/config.json":"7daa17e8e051ec9a21b07b1756d134c631de7d1cda2b85974cdb6d53f51a53ff","/assets/styles/_variables.scss":"349990efc57dae8ce1e89161e99fa211d5790c339ed0a55b3c746360b8311d8b","/assets/styles/_container.scss":"3a8e278e3524ff3b348a4815bdfa48e82fb732987e58fb015f701cc2f24937d0","/assets/styles/style.scss":"8a41890d43d9b1f8e39593637a204306bb23262f88c9333810a3b099466e3560","/assets/styles/themecolors/_orange_theme.scss":"8f25a84e9bd95f429a12db5075afe6183291198ef6921e29e5a1b9ea8b681b93","/assets/styles/theme-variables/_light-theme-variables.scss":"9096f0247f8d908f2df0eceecb186d6a4547edecf204b45cbd4c032fdeec3b1e","/assets/styles/theme-variables/_default-variables.scss":"eb1567745f010f3b68c7391cbd245d80ae8702e8e2033c7568aa4ab4261adcad","/assets/styles/theme-variables/_dark-theme-variables.scss":"0091c8e34d460dd802d744998553a7b0774bf1e41e6f63888d56f6cb40e05a47","/assets/styles/pages/_dashboards.scss":"99be9908cac1f016914021251ea3277c6822e6060481f4c2b0e57bef14f5aec3","/assets/styles/pages/_auth.scss":"94e1481991c7b36b3ce123b525559397331e9e7ece309046fe5cf3022e021d9d","/assets/styles/override-component/_typography.scss":"52599831c133e23cedcd76472d10361068f1920079b6ff11e6a6ae05a8fa4eca","/assets/styles/override-component/_theme.scss":"9f3290501d514641befc8ee99e1b793e9a273701323399051881b1f3ed02fb4d","/assets/styles/override-component/_table.scss":"61e507286e0cb4f16f6ebbd3a0845852bde016be1aea2c24654fe9cbd5521e22","/assets/styles/override-component/_tab.scss":"98705675c472380f64881dfc2e15ea6bd9f3a06e69ab6e5c30d6dbb1415717fe","/assets/styles/override-component/_progress.scss":"cb9a4dd9c0cb465a1ac48af152b75748f85f6f5e35460836ad82ae886f4b9f55","/assets/styles/override-component/_menu.scss":"ed7ddf2e312335e42b9ac7066d04f30d5bc6c3baac59d507bcf8359ce195a486","/assets/styles/override-component/_list.scss":"aa938caaefad1516861b84e3b5818f4ec628dcd424225b6196954c677c79dd85","/assets/styles/override-component/_index.scss":"5c0806df0e371b7dc33438ecee3607a77100fd0588439990cfd8daf9a2df49f0","/assets/styles/override-component/_form-field.scss":"0bad8c6e0b9687c5cb88a3ba2b246bea9efbea492fecdda897a60983d749a315","/assets/styles/override-component/_fab.scss":"0a2818c5962e422903f5443e12de988aa82fe71a287e34d28a1a81316ccca942","/assets/styles/override-component/_drawer.scss":"57b0e5de4753b91afb5dcc1888916721ea58577ed3af2e899bc41ff2c9f3f0d8","/assets/styles/override-component/_dialog.scss":"e3ba3d32caf274805b44e07318b5e3b57c8c4002fdabc70edc087971f0396e6f","/assets/styles/override-component/_chip.scss":"09f0a66dfd199c11ccdee866df55fc8239a4d96ae68dddbc6646609a1a418109","/assets/styles/override-component/_checkbox.scss":"7b84b916ea19e1f3617894110939d822ad9d0aa3ff64c05ac5fe904d40a114a4","/assets/styles/override-component/_card.scss":"a8566ba1027c9fdb4c2430701e3e93fa61afa3f88e90b4234183a1eb562664f8","/assets/styles/override-component/_button.scss":"6f41d5293d6a26ff34f8f39d8db517426270ae9119c2175b942fe825e5997380","/assets/styles/override-component/_button-toggle.scss":"b128d7b4dd2b5bac46b8de52f8738621de16533c466357ff2a24b0702681aa42","/assets/styles/override-component/_badge.scss":"0c73a5936c3858bae15a2c7bf69a945e06626b2fa430a35a48c0a922ce135876","/assets/styles/layouts/_transitions.scss":"bf672877525c692adff75479ae92173ddc69efaf7c3692d8c1dee44aa27ab6a8","/assets/styles/layouts/_sidebar.scss":"d82fcfd3c4cb1b85ffd1a78428169c4ae3a4ec4dd765e2cd8278afa5a364f770","/assets/styles/layouts/_layouts.scss":"f367edd7e8e7dcf7b36c2940477b2df4c15a24bff7b59a21bd2d1a206274cb16","/assets/styles/layouts/_header.scss":"e669acf9ca06a99efc8766998bc8aedc37b8e8423ac801fe30190b0718636d7b","/assets/styles/helpers/_variables.scss":"08ec953890e2bd49c9367d80975eeb41f385ab6f56060d0c0c58a44f492a69a9","/assets/styles/helpers/_text.scss":"be48a0aacab33bc1f28feb31b59bebe47074995d666a93d0ecddb9b7d99bc490","/assets/styles/helpers/_spacing.scss":"f8f910e8b9d422460cf63659df59b4bc58b8838b1d47dbf76fcdbc6120b60e3c","/assets/styles/helpers/_rounded.scss":"76ec5fcb785de46a516b79732ef5f5eb8b8462f3d9719985ff2c5bc7c31f791a","/assets/styles/helpers/_index.scss":"ec8bb43d0354d64b2b6483bb74fb95c4ee08d6eb7839b03da4add54d9b4c80f6","/assets/styles/helpers/_icon-size.scss":"06690bd310d9c7a8bd32898eb6316629c85f491a8bd10cbde7e2fcbaa3e4d068","/assets/styles/helpers/_functions.scss":"3eba0f724f27f8ac29ee3a5f04aa2c5c0c50a28ca3912e4ef5de5da11778430a","/assets/styles/helpers/_flexbox.scss":"d810b43a83a3a04db024ebaae9d13328257eba2fe6a65ba27f19a12bacdfba3c","/assets/styles/helpers/_display.scss":"9665dcb9c5c6bfd5d654e2de0ced0984c3c6c7b7261ff6d61dd038690bae862d","/assets/styles/helpers/_custom-flex.scss":"da80b36de8515358064d8e148f805f5e1cb8b638a5f06cc0b3fb31a39fa786b4","/assets/styles/helpers/_color.scss":"205faa1b60c20906b5626de1768653652018a8267d8cbbe98e03196dab47bff5","/assets/styles/helpers/_border.scss":"8ed25a3400da8e76a6fc7661bc35bcc9ec9804eda576d70aa37a1eadd542b964","/assets/styles/helpers/_border-color.scss":"a1813778b2ec49e25e73946b2582363f7c3450756e6bb13fcfa9f699607fbdd2","/assets/styles/grid/_variables.scss":"ead9ce49da425538d10803aee3740c82ebe306255b029f1eb550a22967b37166","/assets/styles/grid/_mixins.scss":"ab86e460b0c07849ba4f0e5c4005a5dfb4ed466afc4a5de8e3b4e79e9b21954e","/assets/styles/grid/_grid.scss":"1a0f42fa5d3e4d8e5f62fbeef4aa3eb7c4e6e8b811601683525e7314e0530a3d","/assets/js/fingerprint.js":"9cf1b8db9120cc3b3fa415677848e7c803a713ce51f89e13bf792251029d6866","/assets/images/xbox.png":"1d8b0a187bd1e2830410e18eb814a2e7234e7832dccdd6a66054e768ba0a9ee2","/assets/images/visa.png":"b36cf5768a85ffbdf328793ee73383ffe486fd24618ee65017f95e4b63095c5f","/assets/images/uber.png":"995182faee549bf74cdd58c82ff7be4e7a5dd8c70580e7cbc109d30ca02d910e","/assets/images/terms-conditions.jpg":"95296ec38159d613ba3249f56c7f2c88a94c637b97f8f604f49cd392c5adce02","/assets/images/survey.png":"370fe9390e3db7c9ff564a6fa82b4de36d051915e6cf7c306f183473ffa28694","/assets/images/sadsad.png":"1bf2f6937ad24badc98f6e9a354ea949aed4af5468322b8c54f1a74612eefc2d","/assets/images/refer.jpg":"333c033fe0260b5f78503119e0fa2b10469639eea1297f2a4504d057535484fc","/assets/images/real-money-earning-trump-cards-game.webp":"6e1d26af657d2be2fce4b67239ad8fff14939ce2074e5109d635ba99063edcae","/assets/images/privecy-policy.jpg":"a88443575baca083f1adf79f0094ba30356783e0ed9dc028ace52a07872d7f70","/assets/images/playstation.png":"5c66ccc04016c47e96a30f8b6273238da7edb881775bd31a7a27d2c1104399d5","/assets/images/paypal.png":"1eb3840f4e480b53fca6479bd3b73bf8c60829fdb40e4569d09166e84df012ca","/assets/images/OW.png":"d8c5a409293901223b0fd634d9f61ac4478b6046bea9933003115cb241c8e25a","/assets/images/online-survey.jpg":"cc057307a536eb4128e87a570e30d976ad2ef9303afc044ac72f7c44d3d0e81c","/assets/images/offer.png":"484bfd5f657fc67695c0e2d60fc187fc4f41afee4d3b807971508e94da226a67","/assets/images/no-data.jpg":"5782c43517405236999939770a856a70ef296845dde8671d6284ef7cee7e3faa","/assets/images/more.png":"ea564f958c3d8b9a6aad55e78b28b224404d4af4769572c4e162916109b6acc6","/assets/images/logo_sd.png":"5bb40d0b0c1c85e427a704c99b010b992d1e482c085b34529040e0bffacb505b","/assets/images/logo_black.png":"6053310b80da7ce0fbcdbc48af2bf3cd5674f7fb2b8142dc2b99f49107e099a3","/assets/images/logo_23.png":"d8de3fcfb8412db5c56fb21aab76014920df24285b8b4681c86ffa2051a4f468","/assets/images/logo_21.png":"ce861d7fb70d831c6189adb309d583611a8efa6d7965903293f902092b1e457a","/assets/images/logo_1.png":"72d455025b8bfc327039ffe30fbd183a148bec4e793c0774735918cf940b766c","/assets/images/logodasd.png":"d450785af96553f41d6a0d78dd87f3a11cf3af993c4b7a5c40d04d8f19c80839","/assets/images/logo.png":"9feeeb58e81c6d18d53dac0b9257d903c2836b764956a9733bc2cbafd5492f71","/assets/images/img.avif":"283c60633bd50b01978918263dba880ec27118f65ba3019aa345ebba972609aa","/assets/images/elements6.png":"22a683f24412fe9dd3d376b420e31fa4df0a3ac3ec43c53a4b22b090df4cfe55","/assets/images/elements5.png":"5e39ad81d39043d80c986789a2ed6f83c9a664bdb2db6ec6164c3e30855ee90f","/assets/images/elements4.png":"8d0195ea0d74219274e118b92f327722a59e98b55e6170bb5350dcd10f987283","/assets/images/el-motion-logo.mp4":"4192be0d9b305a83b8c03d88138c566cabe8d9d2a82331ff0917cba5e21166fd","/assets/images/easy-step-thumb9.png":"b45d5d55d6d92cfb92652c4c5b27f32b82172d84207511ae5f4e43f259d3e86d","/assets/images/download.png":"896ce20438e92aded47bce3e25fa2c5597ad1f4530ccd60a03a438596344f5fd","/assets/images/cta-img1.png":"b3707a739f8244811d5207883b243b8fdc51061d04418b6808028fa1110aa456","/assets/images/contact-us.jpg":"52a03ebefaa50c4c46669edd153a08f849dcea1cc0db60a5a37df0488028b6fe","/assets/images/apple.png":"1161d45fb4e0d570258ffa3c1d9f2b93a7db744a2c3aa125e86d0193fd2644ef","/assets/images/1logo.png":"ad50f8c52cdf3efe7d13f4cce090056505c9ad226f3bae76da3205cbe92d1c4a","/assets/images/svgs/google-icon.svg":"286a00712b95be52a5429db504318066f09e2b390a398d0e66c1d4d72d2ab4cf","/assets/images/svgs/facebook-icon.svg":"1fdb24093dd6330cfb04ff31e2386a1b7dc49c04ffd93e9ab16bbfe13b40e1e8","/assets/images/profile/user-4.jpg":"031ec4ef8ed10246292f1d55c93514b3867877070e6008e890e0476d7ae40e41","/assets/images/profile/user-3.jpg":"37a5f8d3c16a21d810e7e9582364828235586f26063ce79149f837617faeeb54","/assets/images/profile/user-2.jpg":"f92dd07e908b97495f2857e3f2141e625e4e33cccd280eba7219f9d08d109f5f","/assets/images/profile/user-1.jpg":"8879ed7a0c1fb7dc9f2ee2a3293dfd3e8d01de6c0ba8a1f37d1bb193ba8a567f","/assets/images/profile/profile-img.png":"81f62b26359be0bea5a5ae6d2a1ba5a7912e10f2535e0ea6fa80c7ceb85055aa","/assets/images/products/product-4.png":"8acf212e7514b6b02885cb526280bacc6fa602b6889998551e961af6a3327826","/assets/images/products/product-3.png":"87db5a815d3aa8ee3bb99798f0e4fcce30ca27f936a6c1e66e16e0f1220a14cf","/assets/images/products/product-2.png":"8842d15f7906715637d5f209c7b70a362ad10b99415362ea62712b20cdeb505e","/assets/images/products/product-1.png":"00eab030ecda33701fff39ed965c29d0b7ab9cc1abc47abacf1ef6a0dd0f4201","/assets/images/products/p4.jpg":"b93080e32428ce646396509bbc4cb37f94faea704976546be0386534a8c1e340","/assets/images/products/p3.jpg":"2a48902e133ce779fa58eb0e6042f7b48de0044eca6c70c1b036b33584265928","/assets/images/products/p2.jpg":"0e69a57af1ac17dbc987cada4a59bec3f187a63aa5f11b60517fbc34fd4d183d","/assets/images/products/p1.jpg":"b808970799bcb62767675931aaa3d601d0c82718f4553cf73d6d45d25d3f0de6","/assets/images/partners/timewall-logo.png":"99d3a3702bab325ca8b5495a7cc5c34a3602265581f8319b75569b4f38339b24","/assets/images/partners/sayso.webp":"e0a379d2d6210364128b8566699638ab4366ac12defbcffa4b6ab226852b4089","/assets/images/partners/notik_logo.png":"6a41b852872caba8ee0103cbbc9d3e4667955303384f9243164629eb43de45d3","/assets/images/partners/logo-cpx-reserach-green.svg":"ae1fe954eab97ba772be7f78c04057b2bf58c5d4b4ad1ee3856eefc1fe6d0416","/assets/images/partners/dark_logo_cpalead.webp":"e94ef2dd470f6169c616c93b294b13c2ef7bd196218456c1ee442e56aebae586","/assets/images/partners/BitLabsWhiteLogo.png":"4adebde97508eceb18b439f23d22d4a9c493ab3df7247f53b70959cbb6128189","/assets/images/logos/visa.jpg":"7c24d437e385d163e876915d0b08d61024ed3d1a07bf041a4d068e90ad5ac693","/assets/images/logos/paypal.jpg":"10f33fe108fad70f51d4fbe35d7efa943dc21c2c1ca4f35b2492d244327ea555","/assets/images/logos/dark-logo.svg":"14c9f290b2e8214e31b22bd1d4e7a21e0dedbf1ae5f42463ac0fb31ecf47c4dd","/assets/images/logos/amazon.jpg":"5a27e8c6b7e8af702492e6df3364ea7fc4fce34eb7f8f8ce70c4c5bc851597bb","/assets/images/icon/visa.png":"5d85431d13bb0bb42be291f3c7e84c85c4c439ffe9d5a84d0292868f39fedcfd","/assets/images/icon/user.png":"237e1527b35973db470e64e7ae70f04837409e00673378b1591f4ec129f8b1cb","/assets/images/icon/trophy.png":"00cfb463906457e88457416e471ccd94fb8b589c568684b1b08b7f1a08811f36","/assets/images/icon/trophy-star.png":"d5b4623cd6a21485e5e9ba9a5bd4199f047f84785776c34f76db7805fcff421a","/assets/images/icon/task.png":"e4277e9c32d6fd426aab1e9d37f8e970e1d031ff1b809093219bf2ea9b261431","/assets/images/icon/survey.png":"3c0a7bbb5296df4e8ac91053b97d3588134dc8562b793b7cce08154788795dc7","/assets/images/icon/rh-trustpilot-stars.svg":"ac007c34d536d4d91f44f60aacb6a1e833f0b38e43726690baf2684735a2133a","/assets/images/icon/rh-google.svg":"34a81b7a3596fc82d21e0ecb4af05b223cada7ddfab815574e8e8d7552543ebc","/assets/images/icon/rh-facebook.svg":"83a9f3539a7b72269d07108a3b2e2edcba3a7e9e6af99f3525c773f88c763a24","/assets/images/icon/reward.png":"70d7e97a095672ea7e7dd02e8fe68ded1f3dc25de60d5e562a7c7306d19764cc","/assets/images/icon/quality.png":"7ede50acbe2cb8122b412847ccf62d2d3ab5b23632d9675641e71b2d3b6d0e75","/assets/images/icon/phone.png":"f06c84441eed4e2fc4d5f33bff27b0f5cb31fdd6d94111034dcd4a6029f09e91","/assets/images/icon/paypal.png":"fcde6e6f7bcc5d49ffe087499b75475d4256e06a6bdeff265650804e56ac1827","/assets/images/icon/party.png":"4259c9d3d519bc7a8353fc7ac1e942b56d3cd909c7bd8f37b47c663f2e362371","/assets/images/icon/office-man.png":"d2265fca4bf8c01db1e8b2a0706d421e283835c8686b4eaf4f72b26a6e422c3a","/assets/images/icon/offer.png":"0c795a1ab4d3f65d2f68e953ec53611763258b69bdf2985ad4acecb04523f06a","/assets/images/icon/money.png":"319f5f9d782cd573541b9c79f09a64c4abc029871fa7e3803c0e1c978ef75789","/assets/images/icon/mission.png":"dbc046e41bdea758727382febde7115f5847963099f8f809b9cf69d190c78e78","/assets/images/icon/man.png":"be034558f39199a692c558452ca8df6235679f1d61ce75b1a163257b32ed70ca","/assets/images/icon/level-up.png":"583cefcb338524dcf6ea91dd18c6fdb213f35c8d88f83c1b6e329cfc0c4af88c","/assets/images/icon/img-40.png":"527154fa11f9738933c548b742bbd6b344f4caec95bff14020ab52df052a7d45","/assets/images/icon/img-39.png":"99a712bb7cd4371abf2949c1513e4610ebb735056182b98213c26563f7bdc3a5","/assets/images/icon/icon3.svg":"f776ebecfc5f8b10e16f5fc22847bbdb56b050bff670506445b605ba5109d938","/assets/images/icon/icon2.svg":"009ac46e582a0ef6e032393b61a86924a3957b517cb9f923a3e5bc01c83322f8","/assets/images/icon/icon-step.svg":"986bfa5a4faa2b4375b182e0d07808a0f37dea593c9c1032d734e5191304005c","/assets/images/icon/homepage_signup_icon1.svg":"307cd3f01057cf6bfcf617162e8850ac579291d1d2f40c74c6cec756cd0ca925","/assets/images/icon/homepage_signup_icon.svg":"d4378f8b332b7c3827ec176ad23d512a9ce0cd57adc2268d0beaa7e16d6d7d98","/assets/images/icon/happy-smiling.jpg":"44b8a1946992210e77137afd23da4fcb029adf2b87547312b70f6dab63b03c32","/assets/images/icon/hacker.png":"9ef4130cdc48b5e13af8645cca957dd5f0659d97604eb89da8578fcb6c0edefb","/assets/images/icon/google.png":"b6e31144f9571028a6264a32e1578e484e6bc636462b5a1ccfb85ea751a3fa93","/assets/images/icon/gift-card1.jpg":"1e38e53e9bea78cf088c8087501e7a4d70b674ee373462634106facff8a962ce","/assets/images/icon/gift-card.png":"43c2dd0a01872e7efb4be77ea9ed43efbe7e3c60855f831e17eb2312d6c6180a","/assets/images/icon/gamepad.png":"34756fa72577c27fc526c83bef2472ca0f485bec2eb50f2b05dc2edf55c5180f","/assets/images/icon/feedback.png":"a5bceebdd3a35460c9f9348a62b1fdef0ff40997e8f10b61df023594a4819672","/assets/images/icon/done.png":"5e0d0816d255bd9ad44ab1c2fbbba4c3c3ac4544707d71daf68a33491284a6c4","/assets/images/icon/doller.png":"1f514cc0cc827a84a1dca04e3b6bccecb3b57482c7fcbb21a79a43803f9371d0","/assets/images/icon/crown.png":"b925d4192acf5f67fa60cf3206822836c76edf40ca70842d33de4b684c937111","/assets/images/icon/checked.png":"feb3d69ba48148c1518f6cf40e301d9c0180b0426dd136ded8def5fdea241c4c","/assets/images/icon/check-mark.png":"30742da0f5ea92f10f0ac95230253443160513ebfe9f88a8db3091428d300653","/assets/images/icon/amazon.png":"41000d3d5b8889793ba98edb820588ff19c35ff8d6ddaee70aba9f20f263bbd2","/assets/images/icon/accounting.png":"c6526ba097b06f964e7407d06086e8497802101504d25172772fd06762ea282b","/assets/images/gift-cards/Visa_Giftcard.jpg":"c7a1dd3b23946b5d52b0cac90f1e37bf54e0ad7d95474ad0e9115219c2d0fcb5","/assets/images/gift-cards/Visa.png":"d6efb7b44de083d3e24ec9812ec3250b17ee2a03d165fc6e7c415ad6f3696b9d","/assets/images/gift-cards/paypal_Giftcard.jpg":"98692d97ebc9de405eaabef09b692204978a9912a55d3697608de792847d2570","/assets/images/gift-cards/paypal.png":"9177a915b566b512f1205d4c60619e513c2970774169340ab9e2d8083d8f6c67","/assets/images/gift-cards/gift-voucher.png":"9aec1d6475ba2e0dd653f040e62ceef6a997e5e6f808997191c75fb290725d19","/assets/images/gift-cards/gift-card.png":"fcb6510f9dfaa1b3a69ba081ce6e5b43ea4c5696f1cb2030c25aeb33c4a01d6e","/assets/images/gift-cards/earn-cash.png":"052841d492b43d677cf15ea3f451440d307117ada5d13a71ed57e51b50c791f1","/assets/images/gift-cards/earn-cash-image.jpg":"321f3a6cbfbd5f80735c196e219ad2dc103f4ae0d3ae7d3ff5850876eee8b983","/assets/images/gift-cards/Amazon_Giftcard.jpg":"e90f3eda498e29f62cb602f88e70f2509558794b65a0ed053a3755ec1fbb9d2c","/assets/images/gift-cards/amazon-gift.png":"86cab966e675e2ad9ae2d8ba2c8e2a39e45eade4b9b40bd9d52ff485d7565dde","/assets/images/backgrounds/wave-png-9948.png":"824d0f6275ba34a1c29be462ee575df88e46617c1e4d07415e2b12c7027e84ef","/assets/images/backgrounds/sidebar-buynow-bg.png":"989231af3d192b3d5e5c6235031e1b2c8d96c5e6dc787aba9d1b50b7185f4cd4","/assets/images/backgrounds/ribben.png":"de2f1d88d7c11e565e540e8bbd8596abe8ba031ca3f65224955dcf61076698e5","/assets/images/backgrounds/rh-vps-bg.gif":"0d98a55e999de46838bac8d41d5d0ecb537f5a78cd66f3ecd5b96e2965e79416","/assets/images/backgrounds/rh-bg-01.svg":"d4af60039746461615e4721565f256fb1a1413dcae579b772bf7909d0791cb2c","/assets/images/backgrounds/reward-bg.jpg":"1c8ebd062fafba99cadbda5f369301261d6ed915feb1618d08f76b8657e8cfd5","/assets/images/backgrounds/mockup-bg.png":"ae83b445a75a3ed129f213de4d5701d55a3f1730fb2ff855b54e53f045d3ab27","/assets/images/backgrounds/line.png":"5b996b6d3268232fda30422685beb0c9d600c1f8ae91c193f8a41e9d727f4643","/assets/images/backgrounds/how-works-line-2.png":"4ece31a5f543a04968f26995d306ade8467524028a5414b46f1b3583ed4460c6","/assets/images/backgrounds/how-works-line-1.png":"a6cd93a31e6fd3453734da99cd02fc080a69b6d4ca4cfccd503f7ddd532b7731","/assets/images/backgrounds/hero-bg2.png":"1dba7bda151aea5be9d2db621b5da54abb7e942434e44affb308ffcf21f8838b","/assets/images/backgrounds/green-wave.png":"f8bdb2452f27798e1d073392e6ffc86be766edae7b7550bffe475b27cc6bf328","/assets/images/backgrounds/gift-img.png":"d19339d65ba4d021c78d6868499ceb363304ed38a7c4b1b4fd39b4e9ba3b619e","/assets/images/backgrounds/gift-2.png":"fa3081bbc5b5cdcb1d33642f63889f8649a53231047924c9f521f7d8dbfd0443","/assets/images/backgrounds/footer.png":"e7e135c712638da219cfd56c8b1acb4a3db023632bb0a30e017ee6685f73a2f5","/assets/images/backgrounds/footer-bg1.png":"25a1f2f3ff63bb753b8399d8c06ac4b38696933a1ef0540481efde985cf5eda7","/assets/images/backgrounds/fancy-line.png":"345dd073c865cdd0091f14d252dfc60c26392c11d40cdd3cbe0a5b81b57bb7fa","/assets/images/backgrounds/elements9.png":"85ae6f90ac05e0e29fedc30969cc69f36ca891ef8d7bd02d2dfc10f23815e48e","/assets/images/backgrounds/elements7.png":"709c10d1a272221bbec6b57b5733bfd6c149495a6b0579bb54ec7017f67c5772","/assets/images/backgrounds/elements46.png":"6f9cc6049bf60701ddc9754bf46966841605a579e4d93fc52a202cb6ef018a7a","/assets/images/backgrounds/elements42.png":"39a0fda26420089d46ec2a6a359107ce254b265f657c95973eda0192a7d0cf2a","/assets/images/backgrounds/elements41.png":"1d86466363eef424bfde86b0a317cc8b796c34024317b137cc08cf75317c5ec8","/assets/images/backgrounds/elements33.png":"3ca606dfdc141bd977cafcdb9b2876a6a2a170c427346792c6c4233e8aeb86d2","/assets/images/backgrounds/dust-gold-hi.png":"141d716516ccf9dabe60771c66994684f13498b8ea7baa0114f18ed8e04c4d60","/assets/images/backgrounds/cloud-bg.svg":"8fc5063d411e5334188255181d86342b526321e2b9b3d8cb0fd7eb89e20efb7d","/assets/images/about/about.jpg":"0b56afe3fb33c0d0d8111f44183cc523058addf4401a1072df02bee805931166","/assets/images/about/about-3.jpg":"ccd0b0e56c158688adabaeea40c2431b3b39e71916f5bbfa8fde2059ca7e22d1","/assets/images/about/about-2.jpg":"ce56b79a253f8c94f0164c769a69e75b37cd5d54e49583c54ba66602e9ea8eee","/assets/i18n/fr/visaGiftCards.json":"e47179cdf43f3a4d526b9aed927bc90aad5ecdeb98a69b63161076f08d2a1923","/assets/i18n/fr/termsConditions.json":"826c36c385924ce1bd4c04606bcae24b236141d6d439546a419acebad0b079ea","/assets/i18n/fr/roothome.json":"7cfdc155bde08e8c098a2a4296a975f0827e820c933d6d9451b6f0cf61368260","/assets/i18n/fr/privacyPolicy.json":"f1dd36915bcddcba200f73487d8381c72a92eab17aadf7f37d0d05f115fe1a25","/assets/i18n/fr/personalInformation.json":"79f36944e2e372830d09e1dd7de810fce37f438fc13c92dcc82b4348ffabcf88","/assets/i18n/fr/paypalGiftCards.json":"4575181f11d85d7c8cb6f2d27ae61c6e77b89db8149ab443a6ab8d0950099bc7","/assets/i18n/fr/help.json":"a628a5d8a1c69bd00a130701400dc270b0287dc390f07f4fee76d84e6df85018","/assets/i18n/fr/header.json":"674248018fd5a518bc899ae2ebda19056aaa46768e9f9ed772027c8d4fa52339","/assets/i18n/fr/giftCardSurveys.json":"5b4dc61dcd2d46f17db936995dd29c4ba944ce5422f88c1d641f8f008bdf1a02","/assets/i18n/fr/footer.json":"79c97c89549f4174aa9411075c05d6a996f201c8ae67bb3e442cdab2dc9ef5a3","/assets/i18n/fr/faq.json":"57deeedf65ca8dc1e6f48afabb96dadbf75ae371b8ba7a1069ce9889babb17b5","/assets/i18n/fr/contact.json":"9a259c8ccd9e55c888009b9a8d6e1fb58ddb0055c0cb06afd05652941db8672f","/assets/i18n/fr/common.json":"46b50c321b39e89a491b6727a01628c34245605a30beb3e7414c5e01cff90e6e","/assets/i18n/fr/cashSurveys.json":"ba15515dfa8995b23dbd1e953c58d8c56d4f10bf53a9d7d4acdbb729e13a5ab9","/assets/i18n/fr/amazonGiftCard.json":"d0510ec58c29cbb784e7ea40bd4deaf4bfa8d33ea4bca945c23c61b765efe708","/assets/i18n/fr/about.json":"b45be734a51ae8dd39a04194a1044f9261f24e375219a155b4c5245aee79b634","/assets/i18n/es/visaGiftCards.json":"82f98beb2ceec8257c7b84a0a3c84a65629a6757256eecd2b9fadadca7ac5637","/assets/i18n/es/termsConditions.json":"0f3bb99a37e2ecc1036e9696b27ac3ecebd54dac60d7e2ca239b098855c7b7bf","/assets/i18n/es/roothome.json":"cc3c2201442a062c7ada04db87cfd6ead883213cdd08e1084d31de6be1a57f68","/assets/i18n/es/privacyPolicy.json":"e90b49e4c1a0df7c2babb26324a2a0ba505f45413fbe54057798f3e7e5327fd2","/assets/i18n/es/personalInformation.json":"0db4e936743a7873ee31b317f70a0312c197a685e1d94e90522574b8b616d417","/assets/i18n/es/paypalGiftCards.json":"f1947a454e335f4e0fc7fbb4a424cd9683f8a6afd0c09bf159690a22209f549f","/assets/i18n/es/help.json":"258ef3a8f9a1130f064aca8ff35ed5a4a6357658962cee9e9c68e2ecfe8e829a","/assets/i18n/es/header.json":"e3b842a54c7dde30968a55c185e723a9cab9a6e5142d9bbc535f01ca8d69e156","/assets/i18n/es/giftCardSurveys.json":"5b4dc61dcd2d46f17db936995dd29c4ba944ce5422f88c1d641f8f008bdf1a02","/assets/i18n/es/footer.json":"0b9cbb58bfff435ba51c16916f8cff00a7adf60c23a42bec954627fe50635a99","/assets/i18n/es/faq.json":"d692f60fc1dab545b0443df6aa79686af1c1e7b3df02e4bd5234500ff62a66a7","/assets/i18n/es/contact.json":"8a7af987c0559b0d61e5b094256196458b2b269b5509b3ff0830a7bb231eb867","/assets/i18n/es/common.json":"46b50c321b39e89a491b6727a01628c34245605a30beb3e7414c5e01cff90e6e","/assets/i18n/es/cashSurveys.json":"74ecbb52ebee521003c29deaaac7eb1a81558d997f1e2e44b465433c9e9db99a","/assets/i18n/es/auth.json":"20d977e05f6eb88b6097de8c377a063e1ffe970aff2aa9ebf7057e55ad7c1007","/assets/i18n/es/amazonGiftCard.json":"328d4793f1f672fb3cf6b7d5efbe9c6187309304a8010c87af049d059f87d392","/assets/i18n/es/about.json":"edb554d2ae1281ace394ecf45f3159c6c7b4471b0e1117823bdc364490c63856","/assets/i18n/en/visaGiftCards.json":"8fe4861e852848121fabb20c9699f23a36a07a754cd3823ac744a96dec87a12c","/assets/i18n/en/termsConditions.json":"3a19d0d19cdbeca43e8dfc61ce140574e82d3187850fed7e8beb7998d78215a3","/assets/i18n/en/roothome.json":"0520ff8ed664e47514de2825841f43109030e5e75ff572fe634b0072a0614e34","/assets/i18n/en/refer.json":"2fbb086b4bf1dad7ab27a9c0d3fbdd64aa29718b5edf4c639aeb1219579a4459","/assets/i18n/en/profile.json":"dcb6751aa32932f450120bee114d31c1e412aea269416615b85c4434d29f1a48","/assets/i18n/en/privacyPolicy.json":"300e15652fb383bdd88218135258a81fefcf49adef88f200685cd33d7ead1e67","/assets/i18n/en/personalInformation.json":"3f08354d941022883d8c524b2eab36b7fd5c0c483536e9a2aed212f8f314f4a8","/assets/i18n/en/paypalGiftCards.json":"fd87189ae066919abd1c9e4edfe77954c9be6335528bc896b637786f262cbce9","/assets/i18n/en/help.json":"4b12d3833b7641460b30488292f24507be80f3bd5e95dffe1a5ad9144643c1ca","/assets/i18n/en/header.json":"e70d0ce84aaf18e79a762c1abe6c85690b8c838d78919940e75361004191bfec","/assets/i18n/en/giftCardSurveys.json":"0aaf2251669abcf807fd6b1963158e83ac8be0e0ecd7bf9eac82fd9010bb5282","/assets/i18n/en/footer.json":"df13d434fb62749adc6c5a83acbb1e1014ed56da79a461018bd90cc50a316c20","/assets/i18n/en/faq.json":"ff81ad178b2be80270214841068ea66bb1bab31e7675e73a26da42b15cbfd0c8","/assets/i18n/en/contact.json":"236176fc348cc94d25aeb6b8ae07f375cbc633e3e8de142ae705fa3b6105052f","/assets/i18n/en/common.json":"7565b2c961d1fe8b76d7d8191cec6ff796b8b09b4f02165fcc126d7f20c04c26","/assets/i18n/en/cashSurveys.json":"23d0fb35752f6fe5b920a82289c170bd1919addc797496a299d1461a8d49571a","/assets/i18n/en/auth.json":"bb7619d69553188bb5e4fbb6c6b28d93ff588bfbda7097fc3b70d8866beecdae","/assets/i18n/en/amazonGiftCard.json":"437e383dae2137c1bcbe5b33d005b802dc89a7d9f8d893e92964753bdebc59b5","/assets/i18n/en/about.json":"5c6889384ba1dbbdb3fabccb20fa4aa2b2b1d4ae2c24a1883484b8f10b8f47a5","/assets/i18n/de/visaGiftCards.json":"b4865ef98e053d93cd9498ba563bdcd456dc4232def7480a9f88a1e0484b22f0","/assets/i18n/de/termsConditions.json":"3d0576edca3c6536eb28d3ba7da0eefe38ed6c140680ecd2076abd361be80f7a","/assets/i18n/de/roothome.json":"919dc46999e2812340599239b31ce45690a48e6c04383beca15ca973ea47dfeb","/assets/i18n/de/privacyPolicy.json":"0b904fa10d8a4f78815a60d6653f70ac1591a7212c0278a677efa0bdbc6d0eb9","/assets/i18n/de/personalInformation.json":"1d5344185877623862fbd578fade0bdfa30517cc61c0a717e9bdc4e0c318d055","/assets/i18n/de/paypalGiftCards.json":"eb352e9417491ba9f6b0bbaba22ac727e4aa25aeecdb0d1489682302419d9112","/assets/i18n/de/help.json":"9b00e703f66b363a639b0fddf3bc2d380b1af3fb4fd412a574e4f38267e76f99","/assets/i18n/de/header.json":"edf768436c246be7ad3a3543a95c8f0b8de94ca6db55903a0ff074f77bda2a0f","/assets/i18n/de/giftCardSurveys.json":"dfd0930848a9ffc8624aef92aa60a5fd12ce1d84e5b5aff9988c68753b166c10","/assets/i18n/de/footer.json":"b2cf3b0fad7eb16b597c93bb2d9e3b28a51691b084a9836e5870c4c13466a3bc","/assets/i18n/de/faq.json":"1832919123db3c38872eb7ee1e30c56ea29fd8fc83573d43a3f341eb7a73568e","/assets/i18n/de/contact.json":"2563179a161019ff29b221e3c022e296de74deb0d914a4cd9ff213e517edd69f","/assets/i18n/de/cashSurveys.json":"20265848007e70e8a3624248dd67d9719de23f0b22b703b3264ac857e17b632c","/assets/i18n/de/amazonGiftCard.json":"1445250b4df16d451177200ce843d3e841ca244504a0926299a3aa3230e333e2","/assets/i18n/de/about.json":"492babb8abe6dc2bfd5d4486ccac6abe914ef7558cb18bf3749852765f9f05cf","/chunk-X2BDDQK6.js":"be38046b75e321d3efa055096554d5bc2a526c5cd6148bd63f8e6a6b98a54b54","/chunk-WYQUDHZ3.js":"2217800f545d32896d205baf2b6493a22fbb93b455f7c95b21de6e4818c0242d","/chunk-WZ3KQQL5.js":"e14fa916ebb32e7ecf1f82ad5f711b5a4f5256ca468c7391154b71b48b65a89d","/chunk-VE7MVYBQ.js":"2d1bb74633a0cf51ee648d246c69cbe8e9cb5b3c91c1ae62ac7af6872222c633","/chunk-VJ4B2YXE.js":"e8c512391413f9b2ec505fd622eef2913547a4ff247880fb63503b6ff4ecec6e","/chunk-SMXRYL4M.js":"197c6b65a4122390c82a26d0eb30f780c5d4ca80fa10c4223bfe79675c68416b","/chunk-SNVFVFIU.js":"7f2ccb28af699f91e9cf19c8d55b2df46731f1378d454468a9e64d1ba5c3032d","/chunk-SJOLFYCD.js":"7505add93d6483e8889a2ff95ed0032d84787863938c0db3ca0e8fdd754f22d9","/chunk-SA72M5FL.js":"fcf9f4f37ae250233e150df64622bffa8635e01d25374c1e3f47a3961b9c9e3b","/chunk-SF5JBTBQ.js":"5998faca0b92d6711c7888a34f5aee40163d8a6d6e7af1494a8cd421aaf036fa","/chunk-Q4FQZQXG.js":"00dc785a788544467e3dabe0d97c7ba03b2415e702cfe5752dbb595496bdf05e","/chunk-QJ7BURV6.js":"8247f644537b01fa52e53fbcb2eba8027e69bc9094abe9b481643810e3bbb240","/chunk-PKPCEB63.js":"87043255f8182effa599f74b0bcf81b9c476358eeb4a529e515275fdb9b24160","/chunk-PF65MTHZ.js":"79de510209f7aa96f1d2df2e17d9ccd1cf547ae4ba4bbc988a05d0dfbda36bfd","/chunk-O56A7LHY.js":"8414899a98493460662c4fddaf17c583e3733ae176aae485061c54ba51a8206c","/chunk-P5PQJKSH.js":"0eec781ed57821da26e7540e81c8822a863609086fd2e33495cd5b316af14a85","/chunk-N52NT6HQ.js":"f8b04854e3d4f00e6a18363f650bf09794c08dbed7ff8033b5ff47b919435dba","/chunk-NWJDEJHC.js":"abc1d1cb3b60449bcd6ed5daaa95a187a0cf08d7a96a2036201315e5389c329c","/chunk-N22MTJZE.js":"239c106fb08725f4bb3f698c791f70674731d731a3e27f0e5ce8fffebad84cf6","/chunk-LMIED5W5.js":"d12bc0600fb740fb678e5e3e980385c5792b8f9d971c8bcb0a75dae47fa175c4","/chunk-LHNZ6IFB.js":"bc5fcd22ababcaf5ddcb5de75610aab06238f68e234bc6859e190e167ec0b12e","/chunk-J5TNDW7E.js":"bc622d63550a276ee0ae5528eb8d21a4be3cfd15ae5a4c05c50ad2b2f2da6f4b","/chunk-IXAJ63BH.js":"fec4d74bfd5c0ad63501a1045ce89b262f6bf569e08ed4e7d6d6a6619ff6905a","/chunk-MV6D7G5W.js":"222fd05a13f00c3d5410eca6c02089e3b6ff11a858a5ce5db58231a036317b82","/chunk-IIZ2WIAL.js":"b22a533859e868b05fac408cd3c550a518457a83bc5a11cf4c08b00c04add7f2","/chunk-HWXSVGBS.js":"33d1aa4904913761d21e908d93a17421d2e954163f72d922ad1c05f73c04aa08","/chunk-HKEIFUDI.js":"c9160be8ee083833490827c9a87ac6d14b54d365011007d9cc04ecab7e18f070","/chunk-FSMPE32W.js":"bb06cc7b125271948a03ee28665d381b9e9a90be0df04ebe4cb45e472043b1ba","/chunk-F3TCV5SF.js":"1d3828d8219d512c5cea1681388004309cbdbb6a86dc1fe30f5f74f4a314b610","/chunk-ETQKHFFT.js":"6f8390e07f79267fd7e194678a037cdb1815119e30529ca80b5dae85bbd111b7","/chunk-DYI7M37C.js":"d5cd97dc100bae4f30a8a0a840cfa8657cb38c41c4e9d47d246225cb5bf01797","/chunk-DIHJXEA7.js":"a3e97d3d1aebd5b15e5bab95eb8a36968034a4fabb7b4c3d2c4b7466066197e1","/chunk-CPICFPR4.js":"67d673c25876ec5166badff5334eaa7de6a9bdb8958795727f5c8898ff21bfcc","/chunk-FARDM4HT.js":"1811bfc43d2b1d77ca84f47fe5b5d4e558051e03ac6eef85db2c61896fa6b31c","/chunk-GGQ7LRWG.js":"46b50c321b39e89a491b6727a01628c34245605a30beb3e7414c5e01cff90e6e","/chunk-HRDKJB2H.js":"6ac22ce0c68c62f8059de10a31424e3a3103f5d38da5dafdbb0a4352f2b9bd45","/chunk-6RB4VUJK.js":"ae75412bdba03cd7a1b3930f111e25f62bf0ac1d90328b688db7a5400e2dbeab","/chunk-35KQCA6R.js":"87cd4b13958fdcdbbd02e2d6c258cd1d524e4cc2d8fe8f974ae3b2f72bb2ed63","/styles-YL5O3FBM.css":"de78c736f9199b08aafb2a27d538aba7c771927183d4464187c19bc799e719d3","/chunk-HQEQLPSS.js":"380cdbf481eafa7ea900c1b591c3d4c82f3d8cbba215c1f69c74163a9a4d52c6","/chunk-JF6QWUZB.js":"7c60c530c0caf8b04f5797339835751d8c305e094aeb309e9a430e17a4144475","/chunk-AKVUT3AP.js":"4e4736fcc16223323bccf796b18f2f1bc2f828e8d066ad5a5b405bd96b6d2933","/chunk-YCC5BGUU.js":"f91b6681351cf8f7b5d1618e14864d3fc5daf5a1efbbf5833982b8eae721e71b","/chunk-2FWII23X.js":"28fe78ee75ced9bac6b993ddd0d985d2f0b86b2579aaf975a8b99845d09a74e3","/chunk-YE4JQSK3.js":"e8abe13cbcf1d61e143d42b0b8e8f3fa516181fcdefa62bdac706223830c4e0c","/chunk-PETUBRGW.js":"f5e21b124e986d57a095c20f5ad2f9e295ff20fcfc1a446b31e920098bb76f25","/media/download-ULFMDIWL.png":"896ce20438e92aded47bce3e25fa2c5597ad1f4530ccd60a03a438596344f5fd","/chunk-2WVZSZJG.js":"8d26c326789640d81370f02c1e48f118bf94e7611709751a0f21d187c4345900","/main-3M4I4SKR.js":"8bfd5da7643542681f7e917411d454e62747b57fb3346cc69856406de055c989"}}
[debug] [2025-07-24T09:18:12.494Z] <<< [apiv2][status] POST https://firebasehosting.googleapis.com/v1beta1/projects/988754056043/sites/visionpaidsurvey/versions/f863493098faf6ab:populateFiles 200
[debug] [2025-07-24T09:18:12.495Z] <<< [apiv2][body] POST https://firebasehosting.googleapis.com/v1beta1/projects/988754056043/sites/visionpaidsurvey/versions/f863493098faf6ab:populateFiles {"uploadUrl":"https://upload-firebasehosting.googleapis.com/upload/sites/visionpaidsurvey/versions/f863493098faf6ab/files"}
[debug] [2025-07-24T09:18:12.496Z] [hosting][populate queue][FINAL] {"max":1422,"min":1422,"avg":1422,"active":0,"complete":1,"success":1,"errored":0,"retried":0,"total":1,"elapsed":1423}
[debug] [2025-07-24T09:18:12.496Z] [hosting] uploads queued: 0
[debug] [2025-07-24T09:18:12.497Z] [hosting][upload queue][FINAL] {"max":0,"min":9999999999,"avg":0,"active":0,"complete":0,"success":0,"errored":0,"retried":0,"total":0,"elapsed":1753348692497}
[info] +  hosting[visionpaidsurvey]: file upload complete 
[debug] [2025-07-24T09:18:12.503Z] [hosting] deploy completed after 1784ms
[info] i  functions: updating Node.js 22 (2nd Gen) function ssr(us-central1)... 
[debug] [2025-07-24T09:18:12.527Z] Checked if tokens are valid: true, expires at: 1753350630557
[debug] [2025-07-24T09:18:12.527Z] Checked if tokens are valid: true, expires at: 1753350630557
[debug] [2025-07-24T09:18:12.528Z] >>> [apiv2][query] PATCH https://cloudfunctions.googleapis.com/v2/projects/visionpaidsurvey/locations/us-central1/functions/ssr updateMask=name%2CbuildConfig.runtime%2CbuildConfig.entryPoint%2CbuildConfig.source.storageSource.bucket%2CbuildConfig.source.storageSource.object%2CbuildConfig.environmentVariables%2CbuildConfig.sourceToken%2CserviceConfig.environmentVariables%2CserviceConfig.ingressSettings%2CserviceConfig.timeoutSeconds%2CserviceConfig.serviceAccountEmail%2CserviceConfig.availableMemory%2CserviceConfig.minInstanceCount%2CserviceConfig.maxInstanceCount%2CserviceConfig.maxInstanceRequestConcurrency%2CserviceConfig.availableCpu%2CserviceConfig.vpcConnector%2CserviceConfig.vpcConnectorEgressSettings%2Clabels
[debug] [2025-07-24T09:18:12.528Z] >>> [apiv2][body] PATCH https://cloudfunctions.googleapis.com/v2/projects/visionpaidsurvey/locations/us-central1/functions/ssr {"name":"projects/visionpaidsurvey/locations/us-central1/functions/ssr","buildConfig":{"runtime":"nodejs22","entryPoint":"ssr","source":{"storageSource":{"bucket":"gcf-v2-uploads-988754056043.us-central1.cloudfunctions.appspot.com","object":"13275d85-f4e3-4ca2-8945-1b2f1950b04e.zip"}},"environmentVariables":{"GOOGLE_NODE_RUN_SCRIPTS":""}},"serviceConfig":{"environmentVariables":{"FIREBASE_CONFIG":"{\"projectId\":\"visionpaidsurvey\",\"storageBucket\":\"visionpaidsurvey.firebasestorage.app\"}","GCLOUD_PROJECT":"visionpaidsurvey","EVENTARC_CLOUD_EVENT_SOURCE":"projects/visionpaidsurvey/locations/us-central1/services/ssr","FUNCTION_TARGET":"ssr","LOG_EXECUTION_ID":"true"},"ingressSettings":null,"timeoutSeconds":60,"serviceAccountEmail":null,"availableMemory":"256Mi","minInstanceCount":null,"maxInstanceCount":10,"maxInstanceRequestConcurrency":80,"availableCpu":"1","vpcConnector":null,"vpcConnectorEgressSettings":null},"labels":{"deployment-tool":"cli-firebase","firebase-functions-hash":"551936885310c7c97bc83b4310924cdf8ce890a6"}}
[debug] [2025-07-24T09:18:14.654Z] <<< [apiv2][status] PATCH https://cloudfunctions.googleapis.com/v2/projects/visionpaidsurvey/locations/us-central1/functions/ssr 200
[debug] [2025-07-24T09:18:14.655Z] <<< [apiv2][body] PATCH https://cloudfunctions.googleapis.com/v2/projects/visionpaidsurvey/locations/us-central1/functions/ssr {"name":"projects/visionpaidsurvey/locations/us-central1/operations/operation-1753348693004-63aa94e03911d-2f5a62f1-39df0bff","metadata":{"@type":"type.googleapis.com/google.cloud.functions.v2.OperationMetadata","createTime":"2025-07-24T09:18:13.765340448Z","target":"projects/visionpaidsurvey/locations/us-central1/functions/ssr","verb":"update","cancelRequested":false,"apiVersion":"v2"},"done":false}
[debug] [2025-07-24T09:18:14.657Z] Checked if tokens are valid: true, expires at: 1753350630557
[debug] [2025-07-24T09:18:14.657Z] Checked if tokens are valid: true, expires at: 1753350630557
[debug] [2025-07-24T09:18:14.658Z] >>> [apiv2][query] GET https://cloudfunctions.googleapis.com/v2/projects/visionpaidsurvey/locations/us-central1/operations/operation-1753348693004-63aa94e03911d-2f5a62f1-39df0bff [none]
[debug] [2025-07-24T09:18:16.038Z] <<< [apiv2][status] GET https://cloudfunctions.googleapis.com/v2/projects/visionpaidsurvey/locations/us-central1/operations/operation-1753348693004-63aa94e03911d-2f5a62f1-39df0bff 200
[debug] [2025-07-24T09:18:16.038Z] <<< [apiv2][body] GET https://cloudfunctions.googleapis.com/v2/projects/visionpaidsurvey/locations/us-central1/operations/operation-1753348693004-63aa94e03911d-2f5a62f1-39df0bff {"name":"projects/visionpaidsurvey/locations/us-central1/operations/operation-1753348693004-63aa94e03911d-2f5a62f1-39df0bff","metadata":{"@type":"type.googleapis.com/google.cloud.functions.v2.OperationMetadata","createTime":"2025-07-24T09:18:13.765340448Z","target":"projects/visionpaidsurvey/locations/us-central1/functions/ssr","verb":"update","cancelRequested":false,"apiVersion":"v2","requestResource":{"@type":"type.googleapis.com/google.cloud.functions.v2.Function","name":"projects/visionpaidsurvey/locations/us-central1/functions/ssr","buildConfig":{"runtime":"nodejs22","entryPoint":"ssr","source":{"storageSource":{"bucket":"gcf-v2-sources-988754056043-us-central1","object":"ssr/function-source.zip","generation":"1753348693708687"}},"environmentVariables":{"GOOGLE_NODE_RUN_SCRIPTS":""},"dockerRepository":"projects/visionpaidsurvey/locations/us-central1/repositories/gcf-artifacts","serviceAccount":"projects/visionpaidsurvey/serviceAccounts/988754056043-compute@developer.gserviceaccount.com","automaticUpdatePolicy":{}},"serviceConfig":{"service":"projects/visionpaidsurvey/locations/us-central1/services/ssr","timeoutSeconds":60,"environmentVariables":{"FIREBASE_CONFIG":"{\"projectId\":\"visionpaidsurvey\",\"storageBucket\":\"visionpaidsurvey.firebasestorage.app\"}","GCLOUD_PROJECT":"visionpaidsurvey","EVENTARC_CLOUD_EVENT_SOURCE":"projects/visionpaidsurvey/locations/us-central1/services/ssr","FUNCTION_TARGET":"ssr","LOG_EXECUTION_ID":"true"},"maxInstanceCount":10,"ingressSettings":"ALLOW_ALL","uri":"https://ssr-xy4tu5wnxa-uc.a.run.app","serviceAccountEmail":"988754056043-compute@developer.gserviceaccount.com","availableMemory":"256Mi","allTrafficOnLatestRevision":true,"revision":"ssr-00004-rab","maxInstanceRequestConcurrency":80,"availableCpu":"1"},"state":"ACTIVE","labels":{"deployment-tool":"cli-firebase","firebase-functions-hash":"551936885310c7c97bc83b4310924cdf8ce890a6"},"environment":"GEN_2","url":"https://us-central1-visionpaidsurvey.cloudfunctions.net/ssr","satisfiesPzi":true},"stages":[{"name":"BUILD","message":"Build in progress","state":"IN_PROGRESS","resource":"projects/988754056043/locations/us-central1/builds/5135b870-e3c0-47f1-8bc3-45984b7807a7","resourceUri":"https://console.cloud.google.com/cloud-build/builds;region=us-central1/5135b870-e3c0-47f1-8bc3-45984b7807a7?project=988754056043"},{"name":"SERVICE","state":"NOT_STARTED"}],"operationType":"UPDATE_FUNCTION","buildName":"projects/988754056043/locations/us-central1/builds/5135b870-e3c0-47f1-8bc3-45984b7807a7"},"done":false}
[debug] [2025-07-24T09:18:16.547Z] [update-default-us-central1-ssr] Retrying task index 0
[debug] [2025-07-24T09:18:16.547Z] Checked if tokens are valid: true, expires at: 1753350630557
[debug] [2025-07-24T09:18:16.547Z] Checked if tokens are valid: true, expires at: 1753350630557
[debug] [2025-07-24T09:18:16.548Z] >>> [apiv2][query] GET https://cloudfunctions.googleapis.com/v2/projects/visionpaidsurvey/locations/us-central1/operations/operation-1753348693004-63aa94e03911d-2f5a62f1-39df0bff [none]
[debug] [2025-07-24T09:18:16.892Z] <<< [apiv2][status] GET https://cloudfunctions.googleapis.com/v2/projects/visionpaidsurvey/locations/us-central1/operations/operation-1753348693004-63aa94e03911d-2f5a62f1-39df0bff 200
[debug] [2025-07-24T09:18:16.892Z] <<< [apiv2][body] GET https://cloudfunctions.googleapis.com/v2/projects/visionpaidsurvey/locations/us-central1/operations/operation-1753348693004-63aa94e03911d-2f5a62f1-39df0bff {"name":"projects/visionpaidsurvey/locations/us-central1/operations/operation-1753348693004-63aa94e03911d-2f5a62f1-39df0bff","metadata":{"@type":"type.googleapis.com/google.cloud.functions.v2.OperationMetadata","createTime":"2025-07-24T09:18:13.765340448Z","target":"projects/visionpaidsurvey/locations/us-central1/functions/ssr","verb":"update","cancelRequested":false,"apiVersion":"v2","requestResource":{"@type":"type.googleapis.com/google.cloud.functions.v2.Function","name":"projects/visionpaidsurvey/locations/us-central1/functions/ssr","buildConfig":{"runtime":"nodejs22","entryPoint":"ssr","source":{"storageSource":{"bucket":"gcf-v2-sources-988754056043-us-central1","object":"ssr/function-source.zip","generation":"1753348693708687"}},"environmentVariables":{"GOOGLE_NODE_RUN_SCRIPTS":""},"dockerRepository":"projects/visionpaidsurvey/locations/us-central1/repositories/gcf-artifacts","serviceAccount":"projects/visionpaidsurvey/serviceAccounts/988754056043-compute@developer.gserviceaccount.com","automaticUpdatePolicy":{}},"serviceConfig":{"service":"projects/visionpaidsurvey/locations/us-central1/services/ssr","timeoutSeconds":60,"environmentVariables":{"FIREBASE_CONFIG":"{\"projectId\":\"visionpaidsurvey\",\"storageBucket\":\"visionpaidsurvey.firebasestorage.app\"}","GCLOUD_PROJECT":"visionpaidsurvey","EVENTARC_CLOUD_EVENT_SOURCE":"projects/visionpaidsurvey/locations/us-central1/services/ssr","FUNCTION_TARGET":"ssr","LOG_EXECUTION_ID":"true"},"maxInstanceCount":10,"ingressSettings":"ALLOW_ALL","uri":"https://ssr-xy4tu5wnxa-uc.a.run.app","serviceAccountEmail":"988754056043-compute@developer.gserviceaccount.com","availableMemory":"256Mi","allTrafficOnLatestRevision":true,"revision":"ssr-00004-rab","maxInstanceRequestConcurrency":80,"availableCpu":"1"},"state":"ACTIVE","labels":{"deployment-tool":"cli-firebase","firebase-functions-hash":"551936885310c7c97bc83b4310924cdf8ce890a6"},"environment":"GEN_2","url":"https://us-central1-visionpaidsurvey.cloudfunctions.net/ssr","satisfiesPzi":true},"stages":[{"name":"BUILD","message":"Build in progress","state":"IN_PROGRESS","resource":"projects/988754056043/locations/us-central1/builds/5135b870-e3c0-47f1-8bc3-45984b7807a7","resourceUri":"https://console.cloud.google.com/cloud-build/builds;region=us-central1/5135b870-e3c0-47f1-8bc3-45984b7807a7?project=988754056043"},{"name":"SERVICE","state":"NOT_STARTED"}],"operationType":"UPDATE_FUNCTION","buildName":"projects/988754056043/locations/us-central1/builds/5135b870-e3c0-47f1-8bc3-45984b7807a7"},"done":false}
[debug] [2025-07-24T09:18:17.896Z] [update-default-us-central1-ssr] Retrying task index 0
[debug] [2025-07-24T09:18:17.896Z] Checked if tokens are valid: true, expires at: 1753350630557
[debug] [2025-07-24T09:18:17.896Z] Checked if tokens are valid: true, expires at: 1753350630557
[debug] [2025-07-24T09:18:17.897Z] >>> [apiv2][query] GET https://cloudfunctions.googleapis.com/v2/projects/visionpaidsurvey/locations/us-central1/operations/operation-1753348693004-63aa94e03911d-2f5a62f1-39df0bff [none]
[debug] [2025-07-24T09:18:19.262Z] <<< [apiv2][status] GET https://cloudfunctions.googleapis.com/v2/projects/visionpaidsurvey/locations/us-central1/operations/operation-1753348693004-63aa94e03911d-2f5a62f1-39df0bff 200
[debug] [2025-07-24T09:18:19.262Z] <<< [apiv2][body] GET https://cloudfunctions.googleapis.com/v2/projects/visionpaidsurvey/locations/us-central1/operations/operation-1753348693004-63aa94e03911d-2f5a62f1-39df0bff {"name":"projects/visionpaidsurvey/locations/us-central1/operations/operation-1753348693004-63aa94e03911d-2f5a62f1-39df0bff","metadata":{"@type":"type.googleapis.com/google.cloud.functions.v2.OperationMetadata","createTime":"2025-07-24T09:18:13.765340448Z","target":"projects/visionpaidsurvey/locations/us-central1/functions/ssr","verb":"update","cancelRequested":false,"apiVersion":"v2","requestResource":{"@type":"type.googleapis.com/google.cloud.functions.v2.Function","name":"projects/visionpaidsurvey/locations/us-central1/functions/ssr","buildConfig":{"runtime":"nodejs22","entryPoint":"ssr","source":{"storageSource":{"bucket":"gcf-v2-sources-988754056043-us-central1","object":"ssr/function-source.zip","generation":"1753348693708687"}},"environmentVariables":{"GOOGLE_NODE_RUN_SCRIPTS":""},"dockerRepository":"projects/visionpaidsurvey/locations/us-central1/repositories/gcf-artifacts","serviceAccount":"projects/visionpaidsurvey/serviceAccounts/988754056043-compute@developer.gserviceaccount.com","automaticUpdatePolicy":{}},"serviceConfig":{"service":"projects/visionpaidsurvey/locations/us-central1/services/ssr","timeoutSeconds":60,"environmentVariables":{"FIREBASE_CONFIG":"{\"projectId\":\"visionpaidsurvey\",\"storageBucket\":\"visionpaidsurvey.firebasestorage.app\"}","GCLOUD_PROJECT":"visionpaidsurvey","EVENTARC_CLOUD_EVENT_SOURCE":"projects/visionpaidsurvey/locations/us-central1/services/ssr","FUNCTION_TARGET":"ssr","LOG_EXECUTION_ID":"true"},"maxInstanceCount":10,"ingressSettings":"ALLOW_ALL","uri":"https://ssr-xy4tu5wnxa-uc.a.run.app","serviceAccountEmail":"988754056043-compute@developer.gserviceaccount.com","availableMemory":"256Mi","allTrafficOnLatestRevision":true,"revision":"ssr-00004-rab","maxInstanceRequestConcurrency":80,"availableCpu":"1"},"state":"ACTIVE","labels":{"deployment-tool":"cli-firebase","firebase-functions-hash":"551936885310c7c97bc83b4310924cdf8ce890a6"},"environment":"GEN_2","url":"https://us-central1-visionpaidsurvey.cloudfunctions.net/ssr","satisfiesPzi":true},"stages":[{"name":"BUILD","message":"Build in progress","state":"IN_PROGRESS","resource":"projects/988754056043/locations/us-central1/builds/5135b870-e3c0-47f1-8bc3-45984b7807a7","resourceUri":"https://console.cloud.google.com/cloud-build/builds;region=us-central1/5135b870-e3c0-47f1-8bc3-45984b7807a7?project=988754056043"},{"name":"SERVICE","state":"NOT_STARTED"}],"operationType":"UPDATE_FUNCTION","buildName":"projects/988754056043/locations/us-central1/builds/5135b870-e3c0-47f1-8bc3-45984b7807a7"},"done":false}
[debug] [2025-07-24T09:18:21.266Z] [update-default-us-central1-ssr] Retrying task index 0
[debug] [2025-07-24T09:18:21.266Z] Checked if tokens are valid: true, expires at: 1753350630557
[debug] [2025-07-24T09:18:21.267Z] Checked if tokens are valid: true, expires at: 1753350630557
[debug] [2025-07-24T09:18:21.267Z] >>> [apiv2][query] GET https://cloudfunctions.googleapis.com/v2/projects/visionpaidsurvey/locations/us-central1/operations/operation-1753348693004-63aa94e03911d-2f5a62f1-39df0bff [none]
[debug] [2025-07-24T09:18:22.663Z] <<< [apiv2][status] GET https://cloudfunctions.googleapis.com/v2/projects/visionpaidsurvey/locations/us-central1/operations/operation-1753348693004-63aa94e03911d-2f5a62f1-39df0bff 200
[debug] [2025-07-24T09:18:22.663Z] <<< [apiv2][body] GET https://cloudfunctions.googleapis.com/v2/projects/visionpaidsurvey/locations/us-central1/operations/operation-1753348693004-63aa94e03911d-2f5a62f1-39df0bff {"name":"projects/visionpaidsurvey/locations/us-central1/operations/operation-1753348693004-63aa94e03911d-2f5a62f1-39df0bff","metadata":{"@type":"type.googleapis.com/google.cloud.functions.v2.OperationMetadata","createTime":"2025-07-24T09:18:13.765340448Z","target":"projects/visionpaidsurvey/locations/us-central1/functions/ssr","verb":"update","cancelRequested":false,"apiVersion":"v2","requestResource":{"@type":"type.googleapis.com/google.cloud.functions.v2.Function","name":"projects/visionpaidsurvey/locations/us-central1/functions/ssr","buildConfig":{"runtime":"nodejs22","entryPoint":"ssr","source":{"storageSource":{"bucket":"gcf-v2-sources-988754056043-us-central1","object":"ssr/function-source.zip","generation":"1753348693708687"}},"environmentVariables":{"GOOGLE_NODE_RUN_SCRIPTS":""},"dockerRepository":"projects/visionpaidsurvey/locations/us-central1/repositories/gcf-artifacts","serviceAccount":"projects/visionpaidsurvey/serviceAccounts/988754056043-compute@developer.gserviceaccount.com","automaticUpdatePolicy":{}},"serviceConfig":{"service":"projects/visionpaidsurvey/locations/us-central1/services/ssr","timeoutSeconds":60,"environmentVariables":{"FIREBASE_CONFIG":"{\"projectId\":\"visionpaidsurvey\",\"storageBucket\":\"visionpaidsurvey.firebasestorage.app\"}","GCLOUD_PROJECT":"visionpaidsurvey","EVENTARC_CLOUD_EVENT_SOURCE":"projects/visionpaidsurvey/locations/us-central1/services/ssr","FUNCTION_TARGET":"ssr","LOG_EXECUTION_ID":"true"},"maxInstanceCount":10,"ingressSettings":"ALLOW_ALL","uri":"https://ssr-xy4tu5wnxa-uc.a.run.app","serviceAccountEmail":"988754056043-compute@developer.gserviceaccount.com","availableMemory":"256Mi","allTrafficOnLatestRevision":true,"revision":"ssr-00004-rab","maxInstanceRequestConcurrency":80,"availableCpu":"1"},"state":"ACTIVE","labels":{"deployment-tool":"cli-firebase","firebase-functions-hash":"551936885310c7c97bc83b4310924cdf8ce890a6"},"environment":"GEN_2","url":"https://us-central1-visionpaidsurvey.cloudfunctions.net/ssr","satisfiesPzi":true},"stages":[{"name":"BUILD","message":"Build in progress","state":"IN_PROGRESS","resource":"projects/988754056043/locations/us-central1/builds/5135b870-e3c0-47f1-8bc3-45984b7807a7","resourceUri":"https://console.cloud.google.com/cloud-build/builds;region=us-central1/5135b870-e3c0-47f1-8bc3-45984b7807a7?project=988754056043"},{"name":"SERVICE","state":"NOT_STARTED"}],"operationType":"UPDATE_FUNCTION","buildName":"projects/988754056043/locations/us-central1/builds/5135b870-e3c0-47f1-8bc3-45984b7807a7"},"done":false}
[debug] [2025-07-24T09:18:26.672Z] [update-default-us-central1-ssr] Retrying task index 0
[debug] [2025-07-24T09:18:26.673Z] Checked if tokens are valid: true, expires at: 1753350630557
[debug] [2025-07-24T09:18:26.673Z] Checked if tokens are valid: true, expires at: 1753350630557
[debug] [2025-07-24T09:18:26.673Z] >>> [apiv2][query] GET https://cloudfunctions.googleapis.com/v2/projects/visionpaidsurvey/locations/us-central1/operations/operation-1753348693004-63aa94e03911d-2f5a62f1-39df0bff [none]
[debug] [2025-07-24T09:18:28.007Z] <<< [apiv2][status] GET https://cloudfunctions.googleapis.com/v2/projects/visionpaidsurvey/locations/us-central1/operations/operation-1753348693004-63aa94e03911d-2f5a62f1-39df0bff 200
[debug] [2025-07-24T09:18:28.007Z] <<< [apiv2][body] GET https://cloudfunctions.googleapis.com/v2/projects/visionpaidsurvey/locations/us-central1/operations/operation-1753348693004-63aa94e03911d-2f5a62f1-39df0bff {"name":"projects/visionpaidsurvey/locations/us-central1/operations/operation-1753348693004-63aa94e03911d-2f5a62f1-39df0bff","metadata":{"@type":"type.googleapis.com/google.cloud.functions.v2.OperationMetadata","createTime":"2025-07-24T09:18:13.765340448Z","target":"projects/visionpaidsurvey/locations/us-central1/functions/ssr","verb":"update","cancelRequested":false,"apiVersion":"v2","requestResource":{"@type":"type.googleapis.com/google.cloud.functions.v2.Function","name":"projects/visionpaidsurvey/locations/us-central1/functions/ssr","buildConfig":{"runtime":"nodejs22","entryPoint":"ssr","source":{"storageSource":{"bucket":"gcf-v2-sources-988754056043-us-central1","object":"ssr/function-source.zip","generation":"1753348693708687"}},"environmentVariables":{"GOOGLE_NODE_RUN_SCRIPTS":""},"dockerRepository":"projects/visionpaidsurvey/locations/us-central1/repositories/gcf-artifacts","serviceAccount":"projects/visionpaidsurvey/serviceAccounts/988754056043-compute@developer.gserviceaccount.com","automaticUpdatePolicy":{}},"serviceConfig":{"service":"projects/visionpaidsurvey/locations/us-central1/services/ssr","timeoutSeconds":60,"environmentVariables":{"FIREBASE_CONFIG":"{\"projectId\":\"visionpaidsurvey\",\"storageBucket\":\"visionpaidsurvey.firebasestorage.app\"}","GCLOUD_PROJECT":"visionpaidsurvey","EVENTARC_CLOUD_EVENT_SOURCE":"projects/visionpaidsurvey/locations/us-central1/services/ssr","FUNCTION_TARGET":"ssr","LOG_EXECUTION_ID":"true"},"maxInstanceCount":10,"ingressSettings":"ALLOW_ALL","uri":"https://ssr-xy4tu5wnxa-uc.a.run.app","serviceAccountEmail":"988754056043-compute@developer.gserviceaccount.com","availableMemory":"256Mi","allTrafficOnLatestRevision":true,"revision":"ssr-00004-rab","maxInstanceRequestConcurrency":80,"availableCpu":"1"},"state":"ACTIVE","labels":{"deployment-tool":"cli-firebase","firebase-functions-hash":"551936885310c7c97bc83b4310924cdf8ce890a6"},"environment":"GEN_2","url":"https://us-central1-visionpaidsurvey.cloudfunctions.net/ssr","satisfiesPzi":true},"stages":[{"name":"BUILD","message":"Build in progress","state":"IN_PROGRESS","resource":"projects/988754056043/locations/us-central1/builds/5135b870-e3c0-47f1-8bc3-45984b7807a7","resourceUri":"https://console.cloud.google.com/cloud-build/builds;region=us-central1/5135b870-e3c0-47f1-8bc3-45984b7807a7?project=988754056043"},{"name":"SERVICE","state":"NOT_STARTED"}],"operationType":"UPDATE_FUNCTION","buildName":"projects/988754056043/locations/us-central1/builds/5135b870-e3c0-47f1-8bc3-45984b7807a7"},"done":false}
[debug] [2025-07-24T09:18:36.016Z] [update-default-us-central1-ssr] Retrying task index 0
[debug] [2025-07-24T09:18:36.016Z] Checked if tokens are valid: true, expires at: 1753350630557
[debug] [2025-07-24T09:18:36.016Z] Checked if tokens are valid: true, expires at: 1753350630557
[debug] [2025-07-24T09:18:36.016Z] >>> [apiv2][query] GET https://cloudfunctions.googleapis.com/v2/projects/visionpaidsurvey/locations/us-central1/operations/operation-1753348693004-63aa94e03911d-2f5a62f1-39df0bff [none]
[debug] [2025-07-24T09:18:37.442Z] <<< [apiv2][status] GET https://cloudfunctions.googleapis.com/v2/projects/visionpaidsurvey/locations/us-central1/operations/operation-1753348693004-63aa94e03911d-2f5a62f1-39df0bff 200
[debug] [2025-07-24T09:18:37.442Z] <<< [apiv2][body] GET https://cloudfunctions.googleapis.com/v2/projects/visionpaidsurvey/locations/us-central1/operations/operation-1753348693004-63aa94e03911d-2f5a62f1-39df0bff {"name":"projects/visionpaidsurvey/locations/us-central1/operations/operation-1753348693004-63aa94e03911d-2f5a62f1-39df0bff","metadata":{"@type":"type.googleapis.com/google.cloud.functions.v2.OperationMetadata","createTime":"2025-07-24T09:18:13.765340448Z","target":"projects/visionpaidsurvey/locations/us-central1/functions/ssr","verb":"update","cancelRequested":false,"apiVersion":"v2","requestResource":{"@type":"type.googleapis.com/google.cloud.functions.v2.Function","name":"projects/visionpaidsurvey/locations/us-central1/functions/ssr","buildConfig":{"runtime":"nodejs22","entryPoint":"ssr","source":{"storageSource":{"bucket":"gcf-v2-sources-988754056043-us-central1","object":"ssr/function-source.zip","generation":"1753348693708687"}},"environmentVariables":{"GOOGLE_NODE_RUN_SCRIPTS":""},"dockerRepository":"projects/visionpaidsurvey/locations/us-central1/repositories/gcf-artifacts","serviceAccount":"projects/visionpaidsurvey/serviceAccounts/988754056043-compute@developer.gserviceaccount.com","automaticUpdatePolicy":{}},"serviceConfig":{"service":"projects/visionpaidsurvey/locations/us-central1/services/ssr","timeoutSeconds":60,"environmentVariables":{"FIREBASE_CONFIG":"{\"projectId\":\"visionpaidsurvey\",\"storageBucket\":\"visionpaidsurvey.firebasestorage.app\"}","GCLOUD_PROJECT":"visionpaidsurvey","EVENTARC_CLOUD_EVENT_SOURCE":"projects/visionpaidsurvey/locations/us-central1/services/ssr","FUNCTION_TARGET":"ssr","LOG_EXECUTION_ID":"true"},"maxInstanceCount":10,"ingressSettings":"ALLOW_ALL","uri":"https://ssr-xy4tu5wnxa-uc.a.run.app","serviceAccountEmail":"988754056043-compute@developer.gserviceaccount.com","availableMemory":"256Mi","allTrafficOnLatestRevision":true,"revision":"ssr-00004-rab","maxInstanceRequestConcurrency":80,"availableCpu":"1"},"state":"ACTIVE","labels":{"deployment-tool":"cli-firebase","firebase-functions-hash":"551936885310c7c97bc83b4310924cdf8ce890a6"},"environment":"GEN_2","url":"https://us-central1-visionpaidsurvey.cloudfunctions.net/ssr","satisfiesPzi":true},"stages":[{"name":"BUILD","message":"Build in progress","state":"IN_PROGRESS","resource":"projects/988754056043/locations/us-central1/builds/5135b870-e3c0-47f1-8bc3-45984b7807a7","resourceUri":"https://console.cloud.google.com/cloud-build/builds;region=us-central1/5135b870-e3c0-47f1-8bc3-45984b7807a7?project=988754056043"},{"name":"SERVICE","state":"NOT_STARTED"}],"operationType":"UPDATE_FUNCTION","buildName":"projects/988754056043/locations/us-central1/builds/5135b870-e3c0-47f1-8bc3-45984b7807a7"},"done":false}
[debug] [2025-07-24T09:18:47.457Z] [update-default-us-central1-ssr] Retrying task index 0
[debug] [2025-07-24T09:18:47.458Z] Checked if tokens are valid: true, expires at: 1753350630557
[debug] [2025-07-24T09:18:47.458Z] Checked if tokens are valid: true, expires at: 1753350630557
[debug] [2025-07-24T09:18:47.458Z] >>> [apiv2][query] GET https://cloudfunctions.googleapis.com/v2/projects/visionpaidsurvey/locations/us-central1/operations/operation-1753348693004-63aa94e03911d-2f5a62f1-39df0bff [none]
[debug] [2025-07-24T09:18:48.914Z] <<< [apiv2][status] GET https://cloudfunctions.googleapis.com/v2/projects/visionpaidsurvey/locations/us-central1/operations/operation-1753348693004-63aa94e03911d-2f5a62f1-39df0bff 200
[debug] [2025-07-24T09:18:48.914Z] <<< [apiv2][body] GET https://cloudfunctions.googleapis.com/v2/projects/visionpaidsurvey/locations/us-central1/operations/operation-1753348693004-63aa94e03911d-2f5a62f1-39df0bff {"name":"projects/visionpaidsurvey/locations/us-central1/operations/operation-1753348693004-63aa94e03911d-2f5a62f1-39df0bff","metadata":{"@type":"type.googleapis.com/google.cloud.functions.v2.OperationMetadata","createTime":"2025-07-24T09:18:13.765340448Z","target":"projects/visionpaidsurvey/locations/us-central1/functions/ssr","verb":"update","cancelRequested":false,"apiVersion":"v2","requestResource":{"@type":"type.googleapis.com/google.cloud.functions.v2.Function","name":"projects/visionpaidsurvey/locations/us-central1/functions/ssr","buildConfig":{"runtime":"nodejs22","entryPoint":"ssr","source":{"storageSource":{"bucket":"gcf-v2-sources-988754056043-us-central1","object":"ssr/function-source.zip","generation":"1753348693708687"}},"environmentVariables":{"GOOGLE_NODE_RUN_SCRIPTS":""},"dockerRepository":"projects/visionpaidsurvey/locations/us-central1/repositories/gcf-artifacts","serviceAccount":"projects/visionpaidsurvey/serviceAccounts/988754056043-compute@developer.gserviceaccount.com","automaticUpdatePolicy":{}},"serviceConfig":{"service":"projects/visionpaidsurvey/locations/us-central1/services/ssr","timeoutSeconds":60,"environmentVariables":{"FIREBASE_CONFIG":"{\"projectId\":\"visionpaidsurvey\",\"storageBucket\":\"visionpaidsurvey.firebasestorage.app\"}","GCLOUD_PROJECT":"visionpaidsurvey","EVENTARC_CLOUD_EVENT_SOURCE":"projects/visionpaidsurvey/locations/us-central1/services/ssr","FUNCTION_TARGET":"ssr","LOG_EXECUTION_ID":"true"},"maxInstanceCount":10,"ingressSettings":"ALLOW_ALL","uri":"https://ssr-xy4tu5wnxa-uc.a.run.app","serviceAccountEmail":"988754056043-compute@developer.gserviceaccount.com","availableMemory":"256Mi","allTrafficOnLatestRevision":true,"revision":"ssr-00004-rab","maxInstanceRequestConcurrency":80,"availableCpu":"1"},"state":"ACTIVE","labels":{"deployment-tool":"cli-firebase","firebase-functions-hash":"551936885310c7c97bc83b4310924cdf8ce890a6"},"environment":"GEN_2","url":"https://us-central1-visionpaidsurvey.cloudfunctions.net/ssr","satisfiesPzi":true},"stages":[{"name":"BUILD","message":"Build in progress","state":"IN_PROGRESS","resource":"projects/988754056043/locations/us-central1/builds/5135b870-e3c0-47f1-8bc3-45984b7807a7","resourceUri":"https://console.cloud.google.com/cloud-build/builds;region=us-central1/5135b870-e3c0-47f1-8bc3-45984b7807a7?project=988754056043"},{"name":"SERVICE","state":"NOT_STARTED"}],"operationType":"UPDATE_FUNCTION","buildName":"projects/988754056043/locations/us-central1/builds/5135b870-e3c0-47f1-8bc3-45984b7807a7"},"done":false}
[debug] [2025-07-24T09:18:58.915Z] [update-default-us-central1-ssr] Retrying task index 0
[debug] [2025-07-24T09:18:58.916Z] Checked if tokens are valid: true, expires at: 1753350630557
[debug] [2025-07-24T09:18:58.917Z] Checked if tokens are valid: true, expires at: 1753350630557
[debug] [2025-07-24T09:18:58.917Z] >>> [apiv2][query] GET https://cloudfunctions.googleapis.com/v2/projects/visionpaidsurvey/locations/us-central1/operations/operation-1753348693004-63aa94e03911d-2f5a62f1-39df0bff [none]
[debug] [2025-07-24T09:19:00.358Z] <<< [apiv2][status] GET https://cloudfunctions.googleapis.com/v2/projects/visionpaidsurvey/locations/us-central1/operations/operation-1753348693004-63aa94e03911d-2f5a62f1-39df0bff 200
[debug] [2025-07-24T09:19:00.358Z] <<< [apiv2][body] GET https://cloudfunctions.googleapis.com/v2/projects/visionpaidsurvey/locations/us-central1/operations/operation-1753348693004-63aa94e03911d-2f5a62f1-39df0bff {"name":"projects/visionpaidsurvey/locations/us-central1/operations/operation-1753348693004-63aa94e03911d-2f5a62f1-39df0bff","metadata":{"@type":"type.googleapis.com/google.cloud.functions.v2.OperationMetadata","createTime":"2025-07-24T09:18:13.765340448Z","target":"projects/visionpaidsurvey/locations/us-central1/functions/ssr","verb":"update","cancelRequested":false,"apiVersion":"v2","requestResource":{"@type":"type.googleapis.com/google.cloud.functions.v2.Function","name":"projects/visionpaidsurvey/locations/us-central1/functions/ssr","buildConfig":{"runtime":"nodejs22","entryPoint":"ssr","source":{"storageSource":{"bucket":"gcf-v2-sources-988754056043-us-central1","object":"ssr/function-source.zip","generation":"1753348693708687"}},"environmentVariables":{"GOOGLE_NODE_RUN_SCRIPTS":""},"dockerRepository":"projects/visionpaidsurvey/locations/us-central1/repositories/gcf-artifacts","serviceAccount":"projects/visionpaidsurvey/serviceAccounts/988754056043-compute@developer.gserviceaccount.com","automaticUpdatePolicy":{}},"serviceConfig":{"service":"projects/visionpaidsurvey/locations/us-central1/services/ssr","timeoutSeconds":60,"environmentVariables":{"FIREBASE_CONFIG":"{\"projectId\":\"visionpaidsurvey\",\"storageBucket\":\"visionpaidsurvey.firebasestorage.app\"}","GCLOUD_PROJECT":"visionpaidsurvey","EVENTARC_CLOUD_EVENT_SOURCE":"projects/visionpaidsurvey/locations/us-central1/services/ssr","FUNCTION_TARGET":"ssr","LOG_EXECUTION_ID":"true"},"maxInstanceCount":10,"ingressSettings":"ALLOW_ALL","uri":"https://ssr-xy4tu5wnxa-uc.a.run.app","serviceAccountEmail":"988754056043-compute@developer.gserviceaccount.com","availableMemory":"256Mi","allTrafficOnLatestRevision":true,"revision":"ssr-00004-rab","maxInstanceRequestConcurrency":80,"availableCpu":"1"},"state":"ACTIVE","labels":{"deployment-tool":"cli-firebase","firebase-functions-hash":"551936885310c7c97bc83b4310924cdf8ce890a6"},"environment":"GEN_2","url":"https://us-central1-visionpaidsurvey.cloudfunctions.net/ssr","satisfiesPzi":true},"stages":[{"name":"BUILD","message":"Build finished","state":"COMPLETE","resource":"projects/988754056043/locations/us-central1/builds/5135b870-e3c0-47f1-8bc3-45984b7807a7","resourceUri":"https://console.cloud.google.com/cloud-build/builds;region=us-central1/5135b870-e3c0-47f1-8bc3-45984b7807a7?project=988754056043"},{"name":"SERVICE","message":"Updating Cloud Run service","state":"IN_PROGRESS","resource":"projects/visionpaidsurvey/locations/us-central1/services/ssr","resourceUri":"https://console.cloud.google.com/run/detail/us-central1/ssr?project=visionpaidsurvey","stateMessages":[{"severity":"INFO","type":"CloudRunServiceNewRevisionTrafficInfo","message":"A new revision will be deployed serving with 100% traffic."}]}],"sourceToken":"Cldwcm9qZWN0cy85ODg3NTQwNTYwNDMvbG9jYXRpb25zL3VzLWNlbnRyYWwxL2J1aWxkcy81MTM1Yjg3MC1lM2MwLTQ3ZjEtOGJjMy00NTk4NGI3ODA3YTcSZ3VzLWNlbnRyYWwxLWRvY2tlci5wa2cuZGV2L3Zpc2lvbnBhaWRzdXJ2ZXkvZ2NmLWFydGlmYWN0cy92aXNpb25wYWlkc3VydmV5X191cy0tY2VudHJhbDFfX3Nzcjp2ZXJzaW9uXzEY66bWsuMcIj1wcm9qZWN0cy92aXNpb25wYWlkc3VydmV5L2xvY2F0aW9ucy91cy1jZW50cmFsMS9mdW5jdGlvbnMvc3NyKgwI/fSHxAYQ6J+W8AEyCG5vZGVqczIyOnYKI2djci5pby9nYWUtcnVudGltZXMvbm9kZWpzMjI6c3RhYmxlEk91cy1jZW50cmFsMS1kb2NrZXIucGtnLmRldi9zZXJ2ZXJsZXNzLXJ1bnRpbWVzL2dvb2dsZS0yMi1mdWxsL3J1bnRpbWVzL25vZGVqczIyQAE=","operationType":"UPDATE_FUNCTION","buildName":"projects/988754056043/locations/us-central1/builds/5135b870-e3c0-47f1-8bc3-45984b7807a7"},"done":false}
[debug] [2025-07-24T09:19:00.358Z] Got source token Cldwcm9qZWN0cy85ODg3NTQwNTYwNDMvbG9jYXRpb25zL3VzLWNlbnRyYWwxL2J1aWxkcy81MTM1Yjg3MC1lM2MwLTQ3ZjEtOGJjMy00NTk4NGI3ODA3YTcSZ3VzLWNlbnRyYWwxLWRvY2tlci5wa2cuZGV2L3Zpc2lvbnBhaWRzdXJ2ZXkvZ2NmLWFydGlmYWN0cy92aXNpb25wYWlkc3VydmV5X191cy0tY2VudHJhbDFfX3Nzcjp2ZXJzaW9uXzEY66bWsuMcIj1wcm9qZWN0cy92aXNpb25wYWlkc3VydmV5L2xvY2F0aW9ucy91cy1jZW50cmFsMS9mdW5jdGlvbnMvc3NyKgwI/fSHxAYQ6J+W8AEyCG5vZGVqczIyOnYKI2djci5pby9nYWUtcnVudGltZXMvbm9kZWpzMjI6c3RhYmxlEk91cy1jZW50cmFsMS1kb2NrZXIucGtnLmRldi9zZXJ2ZXJsZXNzLXJ1bnRpbWVzL2dvb2dsZS0yMi1mdWxsL3J1bnRpbWVzL25vZGVqczIyQAE= for region us-central1
[debug] [2025-07-24T09:19:10.358Z] [update-default-us-central1-ssr] Retrying task index 0
[debug] [2025-07-24T09:19:10.360Z] Checked if tokens are valid: true, expires at: 1753350630557
[debug] [2025-07-24T09:19:10.360Z] Checked if tokens are valid: true, expires at: 1753350630557
[debug] [2025-07-24T09:19:10.360Z] >>> [apiv2][query] GET https://cloudfunctions.googleapis.com/v2/projects/visionpaidsurvey/locations/us-central1/operations/operation-1753348693004-63aa94e03911d-2f5a62f1-39df0bff [none]
[debug] [2025-07-24T09:19:11.796Z] <<< [apiv2][status] GET https://cloudfunctions.googleapis.com/v2/projects/visionpaidsurvey/locations/us-central1/operations/operation-1753348693004-63aa94e03911d-2f5a62f1-39df0bff 200
[debug] [2025-07-24T09:19:11.796Z] <<< [apiv2][body] GET https://cloudfunctions.googleapis.com/v2/projects/visionpaidsurvey/locations/us-central1/operations/operation-1753348693004-63aa94e03911d-2f5a62f1-39df0bff {"name":"projects/visionpaidsurvey/locations/us-central1/operations/operation-1753348693004-63aa94e03911d-2f5a62f1-39df0bff","metadata":{"@type":"type.googleapis.com/google.cloud.functions.v2.OperationMetadata","createTime":"2025-07-24T09:18:13.765340448Z","endTime":"2025-07-24T09:19:02.565595646Z","target":"projects/visionpaidsurvey/locations/us-central1/functions/ssr","verb":"update","cancelRequested":false,"apiVersion":"v2","requestResource":{"@type":"type.googleapis.com/google.cloud.functions.v2.Function","name":"projects/visionpaidsurvey/locations/us-central1/functions/ssr","buildConfig":{"runtime":"nodejs22","entryPoint":"ssr","source":{"storageSource":{"bucket":"gcf-v2-sources-988754056043-us-central1","object":"ssr/function-source.zip","generation":"1753348693708687"}},"environmentVariables":{"GOOGLE_NODE_RUN_SCRIPTS":""},"dockerRepository":"projects/visionpaidsurvey/locations/us-central1/repositories/gcf-artifacts","serviceAccount":"projects/visionpaidsurvey/serviceAccounts/988754056043-compute@developer.gserviceaccount.com","automaticUpdatePolicy":{}},"serviceConfig":{"service":"projects/visionpaidsurvey/locations/us-central1/services/ssr","timeoutSeconds":60,"environmentVariables":{"FIREBASE_CONFIG":"{\"projectId\":\"visionpaidsurvey\",\"storageBucket\":\"visionpaidsurvey.firebasestorage.app\"}","GCLOUD_PROJECT":"visionpaidsurvey","EVENTARC_CLOUD_EVENT_SOURCE":"projects/visionpaidsurvey/locations/us-central1/services/ssr","FUNCTION_TARGET":"ssr","LOG_EXECUTION_ID":"true"},"maxInstanceCount":10,"ingressSettings":"ALLOW_ALL","uri":"https://ssr-xy4tu5wnxa-uc.a.run.app","serviceAccountEmail":"988754056043-compute@developer.gserviceaccount.com","availableMemory":"256Mi","allTrafficOnLatestRevision":true,"revision":"ssr-00004-rab","maxInstanceRequestConcurrency":80,"availableCpu":"1"},"state":"ACTIVE","labels":{"deployment-tool":"cli-firebase","firebase-functions-hash":"551936885310c7c97bc83b4310924cdf8ce890a6"},"environment":"GEN_2","url":"https://us-central1-visionpaidsurvey.cloudfunctions.net/ssr","satisfiesPzi":true},"stages":[{"name":"SERVICE","state":"NOT_STARTED"}],"operationType":"UPDATE_FUNCTION"},"done":true,"error":{"code":3,"message":"Could not create or update Cloud Run service ssr, Container Healthcheck failed. Revision 'ssr-00005-zeg' is not ready and cannot serve traffic. The user-provided container failed to start and listen on the port defined provided by the PORT=8080 environment variable within the allocated timeout. This can happen when the container port is misconfigured or if the timeout is too short. The health check timeout can be extended. Logs for this revision might contain more information.\n\nLogs URL: https://console.cloud.google.com/logs/viewer?project=visionpaidsurvey&resource=cloud_run_revision/service_name/ssr/revision_name/ssr-00005-zeg&advancedFilter=resource.type%3D%22cloud_run_revision%22%0Aresource.labels.service_name%3D%22ssr%22%0Aresource.labels.revision_name%3D%22ssr-00005-zeg%22 \nFor more troubleshooting guidance, see https://cloud.google.com/run/docs/troubleshooting#container-failed-to-start"}}
[debug] [2025-07-24T09:19:11.797Z] Got source token undefined for region us-central1
[error] Could not create or update Cloud Run service ssr, Container Healthcheck failed. Revision 'ssr-00005-zeg' is not ready and cannot serve traffic. The user-provided container failed to start and listen on the port defined provided by the PORT=8080 environment variable within the allocated timeout. This can happen when the container port is misconfigured or if the timeout is too short. The health check timeout can be extended. Logs for this revision might contain more information.

Logs URL: https://console.cloud.google.com/logs/viewer?project=visionpaidsurvey&resource=cloud_run_revision/service_name/ssr/revision_name/ssr-00005-zeg&advancedFilter=resource.type%3D%22cloud_run_revision%22%0Aresource.labels.service_name%3D%22ssr%22%0Aresource.labels.revision_name%3D%22ssr-00005-zeg%22 
For more troubleshooting guidance, see https://cloud.google.com/run/docs/troubleshooting#container-failed-to-start
[debug] [2025-07-24T09:19:11.822Z] Total Function Deployment time: 59286
[debug] [2025-07-24T09:19:11.822Z] 1 Functions Deployed
[debug] [2025-07-24T09:19:11.822Z] 1 Functions Errored
[debug] [2025-07-24T09:19:11.822Z] 0 Function Deployments Aborted
[debug] [2025-07-24T09:19:11.822Z] Average Function Deployment time: 59282
[info] 
[info] Functions deploy had errors with the following functions:
	ssr(us-central1)
[debug] [2025-07-24T09:19:12.003Z] Not printing URL for HTTPS function. Typically this means it didn't match a filter or we failed deployment
[debug] [2025-07-24T09:19:12.005Z] Checked if tokens are valid: true, expires at: 1753350630557
[debug] [2025-07-24T09:19:12.005Z] Checked if tokens are valid: true, expires at: 1753350630557
[debug] [2025-07-24T09:19:12.005Z] >>> [apiv2][query] GET https://artifactregistry.googleapis.com/v1/projects/visionpaidsurvey/locations/us-central1/repositories/gcf-artifacts [none]
[debug] [2025-07-24T09:19:13.517Z] <<< [apiv2][status] GET https://artifactregistry.googleapis.com/v1/projects/visionpaidsurvey/locations/us-central1/repositories/gcf-artifacts 200
[debug] [2025-07-24T09:19:13.517Z] <<< [apiv2][body] GET https://artifactregistry.googleapis.com/v1/projects/visionpaidsurvey/locations/us-central1/repositories/gcf-artifacts {"name":"projects/visionpaidsurvey/locations/us-central1/repositories/gcf-artifacts","format":"DOCKER","description":"This repository is created and used by Cloud Functions for storing function docker images.","labels":{"goog-managed-by":"cloudfunctions"},"createTime":"2025-07-22T10:59:52.088901Z","updateTime":"2025-07-24T09:18:43.568684Z","mode":"STANDARD_REPOSITORY","cleanupPolicies":{"firebase-functions-cleanup":{"id":"firebase-functions-cleanup","action":"DELETE","condition":{"tagState":"ANY","olderThan":"86400s"}}},"sizeBytes":"156795310","vulnerabilityScanningConfig":{"lastEnableTime":"2025-07-22T10:59:51.402674654Z","enablementState":"SCANNING_DISABLED","enablementStateReason":"API containerscanning.googleapis.com is not enabled."},"satisfiesPzi":true,"registryUri":"us-central1-docker.pkg.dev/visionpaidsurvey/gcf-artifacts"}
[debug] [2025-07-24T09:19:13.518Z] Functions deploy failed.
[debug] [2025-07-24T09:19:13.518Z] {
  "endpoint": {
    "id": "ssr",
    "project": "visionpaidsurvey",
    "region": "us-central1",
    "entryPoint": "ssr",
    "platform": "gcfv2",
    "runtime": "nodejs22",
    "httpsTrigger": {},
    "labels": {
      "deployment-tool": "cli-firebase"
    },
    "serviceAccount": null,
    "ingressSettings": null,
    "availableMemoryMb": null,
    "timeoutSeconds": 60,
    "maxInstances": 10,
    "minInstances": null,
    "concurrency": 80,
    "vpc": null,
    "environmentVariables": {
      "FIREBASE_CONFIG": "{\"projectId\":\"visionpaidsurvey\",\"storageBucket\":\"visionpaidsurvey.firebasestorage.app\"}",
      "GCLOUD_PROJECT": "visionpaidsurvey",
      "EVENTARC_CLOUD_EVENT_SOURCE": "projects/visionpaidsurvey/locations/us-central1/services/ssr",
      "FUNCTION_TARGET": "ssr",
      "LOG_EXECUTION_ID": "true"
    },
    "codebase": "default",
    "runServiceId": "ssr",
    "cpu": 1,
    "securityLevel": "SECURE_ALWAYS",
    "targetedByOnly": false,
    "hash": "551936885310c7c97bc83b4310924cdf8ce890a6"
  },
  "op": "update",
  "original": {
    "name": "FirebaseError",
    "children": [],
    "exit": 1,
    "message": "Could not create or update Cloud Run service ssr, Container Healthcheck failed. Revision 'ssr-00005-zeg' is not ready and cannot serve traffic. The user-provided container failed to start and listen on the port defined provided by the PORT=8080 environment variable within the allocated timeout. This can happen when the container port is misconfigured or if the timeout is too short. The health check timeout can be extended. Logs for this revision might contain more information.\n\nLogs URL: https://console.cloud.google.com/logs/viewer?project=visionpaidsurvey&resource=cloud_run_revision/service_name/ssr/revision_name/ssr-00005-zeg&advancedFilter=resource.type%3D%22cloud_run_revision%22%0Aresource.labels.service_name%3D%22ssr%22%0Aresource.labels.revision_name%3D%22ssr-00005-zeg%22 \nFor more troubleshooting guidance, see https://cloud.google.com/run/docs/troubleshooting#container-failed-to-start",
    "original": {
      "code": 3,
      "message": "Could not create or update Cloud Run service ssr, Container Healthcheck failed. Revision 'ssr-00005-zeg' is not ready and cannot serve traffic. The user-provided container failed to start and listen on the port defined provided by the PORT=8080 environment variable within the allocated timeout. This can happen when the container port is misconfigured or if the timeout is too short. The health check timeout can be extended. Logs for this revision might contain more information.\n\nLogs URL: https://console.cloud.google.com/logs/viewer?project=visionpaidsurvey&resource=cloud_run_revision/service_name/ssr/revision_name/ssr-00005-zeg&advancedFilter=resource.type%3D%22cloud_run_revision%22%0Aresource.labels.service_name%3D%22ssr%22%0Aresource.labels.revision_name%3D%22ssr-00005-zeg%22 \nFor more troubleshooting guidance, see https://cloud.google.com/run/docs/troubleshooting#container-failed-to-start"
    },
    "status": 3,
    "code": 3
  }
}
[debug] [2025-07-24T09:19:13.601Z] Error: Failed to update function ssr in region us-central1
    at C:\Users\PawanRajoria\AppData\Roaming\npm\node_modules\firebase-tools\lib\deploy\functions\release\fabricator.js:399:19
    at process.processTicksAndRejections (node:internal/process/task_queues:105:5)
    at async Fabricator.updateV2Function (C:\Users\PawanRajoria\AppData\Roaming\npm\node_modules\firebase-tools\lib\deploy\functions\release\fabricator.js:388:32)
    at async Fabricator.updateEndpoint (C:\Users\PawanRajoria\AppData\Roaming\npm\node_modules\firebase-tools\lib\deploy\functions\release\fabricator.js:155:13)
    at async handle (C:\Users\PawanRajoria\AppData\Roaming\npm\node_modules\firebase-tools\lib\deploy\functions\release\fabricator.js:89:17)
[error] 
[error] Error: There was an error deploying functions
[debug] [2025-07-24T09:25:02.697Z] ----------------------------------------------------------------------
[debug] [2025-07-24T09:25:02.703Z] Command:       C:\Program Files\nodejs\node.exe C:\Users\PawanRajoria\AppData\Roaming\npm\node_modules\firebase-tools\lib\bin\firebase.js deploy
[debug] [2025-07-24T09:25:02.704Z] CLI Version:   14.11.1
[debug] [2025-07-24T09:25:02.704Z] Platform:      win32
[debug] [2025-07-24T09:25:02.705Z] Node Version:  v24.4.0
[debug] [2025-07-24T09:25:02.705Z] Time:          Thu Jul 24 2025 14:55:02 GMT+0530 (India Standard Time)
[debug] [2025-07-24T09:25:02.705Z] ----------------------------------------------------------------------
[debug] 
[debug] [2025-07-24T09:25:03.065Z] > command requires scopes: ["email","openid","https://www.googleapis.com/auth/cloudplatformprojects.readonly","https://www.googleapis.com/auth/firebase","https://www.googleapis.com/auth/cloud-platform"]
[debug] [2025-07-24T09:25:03.065Z] > authorizing via signed-in user (profitpiller.web@gmail.com)
[debug] [2025-07-24T09:25:03.066Z] [iam] checking project visionpaidsurvey for permissions ["cloudfunctions.functions.create","cloudfunctions.functions.delete","cloudfunctions.functions.get","cloudfunctions.functions.list","cloudfunctions.functions.update","cloudfunctions.operations.get","firebase.projects.get","firebasehosting.sites.update"]
[debug] [2025-07-24T09:25:03.070Z] Checked if tokens are valid: true, expires at: 1753350630557
[debug] [2025-07-24T09:25:03.070Z] Checked if tokens are valid: true, expires at: 1753350630557
[debug] [2025-07-24T09:25:03.072Z] >>> [apiv2][query] POST https://cloudresourcemanager.googleapis.com/v1/projects/visionpaidsurvey:testIamPermissions [none]
[debug] [2025-07-24T09:25:03.072Z] >>> [apiv2][(partial)header] POST https://cloudresourcemanager.googleapis.com/v1/projects/visionpaidsurvey:testIamPermissions x-goog-quota-user=projects/visionpaidsurvey
[debug] [2025-07-24T09:25:03.072Z] >>> [apiv2][body] POST https://cloudresourcemanager.googleapis.com/v1/projects/visionpaidsurvey:testIamPermissions {"permissions":["cloudfunctions.functions.create","cloudfunctions.functions.delete","cloudfunctions.functions.get","cloudfunctions.functions.list","cloudfunctions.functions.update","cloudfunctions.operations.get","firebase.projects.get","firebasehosting.sites.update"]}
[debug] [2025-07-24T09:25:04.643Z] <<< [apiv2][status] POST https://cloudresourcemanager.googleapis.com/v1/projects/visionpaidsurvey:testIamPermissions 200
[debug] [2025-07-24T09:25:04.643Z] <<< [apiv2][body] POST https://cloudresourcemanager.googleapis.com/v1/projects/visionpaidsurvey:testIamPermissions {"permissions":["cloudfunctions.functions.create","cloudfunctions.functions.delete","cloudfunctions.functions.get","cloudfunctions.functions.list","cloudfunctions.functions.update","cloudfunctions.operations.get","firebase.projects.get","firebasehosting.sites.update"]}
[debug] [2025-07-24T09:25:04.644Z] Checked if tokens are valid: true, expires at: 1753350630557
[debug] [2025-07-24T09:25:04.644Z] Checked if tokens are valid: true, expires at: 1753350630557
[debug] [2025-07-24T09:25:04.644Z] >>> [apiv2][query] POST https://iam.googleapis.com/v1/projects/visionpaidsurvey/serviceAccounts/visionpaidsurvey@appspot.gserviceaccount.com:testIamPermissions [none]
[debug] [2025-07-24T09:25:04.645Z] >>> [apiv2][body] POST https://iam.googleapis.com/v1/projects/visionpaidsurvey/serviceAccounts/visionpaidsurvey@appspot.gserviceaccount.com:testIamPermissions {"permissions":["iam.serviceAccounts.actAs"]}
[debug] [2025-07-24T09:25:06.477Z] <<< [apiv2][status] POST https://iam.googleapis.com/v1/projects/visionpaidsurvey/serviceAccounts/visionpaidsurvey@appspot.gserviceaccount.com:testIamPermissions 200
[debug] [2025-07-24T09:25:06.477Z] <<< [apiv2][body] POST https://iam.googleapis.com/v1/projects/visionpaidsurvey/serviceAccounts/visionpaidsurvey@appspot.gserviceaccount.com:testIamPermissions {"permissions":["iam.serviceAccounts.actAs"]}
[debug] [2025-07-24T09:25:06.479Z] Checked if tokens are valid: true, expires at: 1753350630557
[debug] [2025-07-24T09:25:06.479Z] Checked if tokens are valid: true, expires at: 1753350630557
[debug] [2025-07-24T09:25:06.480Z] >>> [apiv2][query] GET https://firebase.googleapis.com/v1beta1/projects/visionpaidsurvey [none]
[debug] [2025-07-24T09:25:07.065Z] <<< [apiv2][status] GET https://firebase.googleapis.com/v1beta1/projects/visionpaidsurvey 200
[debug] [2025-07-24T09:25:07.065Z] <<< [apiv2][body] GET https://firebase.googleapis.com/v1beta1/projects/visionpaidsurvey {"projectId":"visionpaidsurvey","projectNumber":"988754056043","displayName":"VisionPaidSurvey","name":"projects/visionpaidsurvey","resources":{"hostingSite":"visionpaidsurvey"},"state":"ACTIVE","etag":"1_68a7e6c5-fa19-43a9-8ff8-b744697e6188"}
[info] 
[info] === Deploying to 'visionpaidsurvey'...
[info] 
[info] i  deploying functions, hosting 
[info] Running command: npm --prefix "$RESOURCE_DIR" run build
[info] +  functions: Finished running predeploy script. 
[debug] [2025-07-24T09:25:18.026Z] Checked if tokens are valid: true, expires at: 1753350630557
[debug] [2025-07-24T09:25:18.027Z] Checked if tokens are valid: true, expires at: 1753350630557
[debug] [2025-07-24T09:25:18.027Z] >>> [apiv2][query] GET https://cloudresourcemanager.googleapis.com/v1/projects/visionpaidsurvey [none]
[debug] [2025-07-24T09:25:19.592Z] <<< [apiv2][status] GET https://cloudresourcemanager.googleapis.com/v1/projects/visionpaidsurvey 200
[debug] [2025-07-24T09:25:19.592Z] <<< [apiv2][body] GET https://cloudresourcemanager.googleapis.com/v1/projects/visionpaidsurvey {"projectNumber":"988754056043","projectId":"visionpaidsurvey","lifecycleState":"ACTIVE","name":"VisionPaidSurvey","labels":{"firebase":"enabled","firebase-core":"disabled"},"createTime":"2025-03-18T11:48:26.267051Z"}
[info] i  functions: preparing codebase default for deployment 
[info] i  functions: ensuring required API cloudfunctions.googleapis.com is enabled... 
[info] i  functions: ensuring required API cloudbuild.googleapis.com is enabled... 
[info] i  artifactregistry: ensuring required API artifactregistry.googleapis.com is enabled... 
[debug] [2025-07-24T09:25:19.606Z] Checked if tokens are valid: true, expires at: 1753350630557
[debug] [2025-07-24T09:25:19.607Z] Checked if tokens are valid: true, expires at: 1753350630557
[debug] [2025-07-24T09:25:19.607Z] >>> [apiv2][query] GET https://firebase.googleapis.com/v1beta1/projects/visionpaidsurvey/adminSdkConfig [none]
[debug] [2025-07-24T09:25:20.171Z] <<< [apiv2][status] GET https://firebase.googleapis.com/v1beta1/projects/visionpaidsurvey/adminSdkConfig 200
[debug] [2025-07-24T09:25:20.171Z] <<< [apiv2][body] GET https://firebase.googleapis.com/v1beta1/projects/visionpaidsurvey/adminSdkConfig {"projectId":"visionpaidsurvey","storageBucket":"visionpaidsurvey.firebasestorage.app"}
[debug] [2025-07-24T09:25:20.172Z] Checked if tokens are valid: true, expires at: 1753350630557
[debug] [2025-07-24T09:25:20.172Z] Checked if tokens are valid: true, expires at: 1753350630557
[debug] [2025-07-24T09:25:20.172Z] >>> [apiv2][query] GET https://runtimeconfig.googleapis.com/v1beta1/projects/visionpaidsurvey/configs [none]
[debug] [2025-07-24T09:25:20.664Z] <<< [apiv2][status] GET https://runtimeconfig.googleapis.com/v1beta1/projects/visionpaidsurvey/configs 200
[debug] [2025-07-24T09:25:20.664Z] <<< [apiv2][body] GET https://runtimeconfig.googleapis.com/v1beta1/projects/visionpaidsurvey/configs {}
[debug] [2025-07-24T09:25:20.666Z] Validating nodejs source
[debug] [2025-07-24T09:25:22.703Z] > [functions] package.json contents: {
  "name": "functions",
  "scripts": {
    "build": "tsc",
    "build:watch": "tsc --watch",
    "serve": "npm run build && firebase emulators:start --only functions",
    "shell": "npm run build && firebase functions:shell",
    "start": "npm run shell",
    "deploy": "firebase deploy --only functions",
    "logs": "firebase functions:log"
  },
  "engines": {
    "node": "22"
  },
  "main": "lib/index.js",
  "dependencies": {
    "express": "^4.20.0",
    "firebase-admin": "^12.6.0",
    "firebase-functions": "^6.0.1"
  },
  "devDependencies": {
    "firebase-functions-test": "^3.1.0",
    "typescript": "^5.7.3"
  },
  "private": true
}
[debug] [2025-07-24T09:25:22.703Z] Building nodejs source
[info] i  functions: Loading and analyzing source code for codebase default to determine what to deploy 
[debug] [2025-07-24T09:25:22.706Z] Could not find functions.yaml. Must use http discovery
[debug] [2025-07-24T09:25:22.728Z] Found firebase-functions binary at 'C:\Users\PawanRajoria\Downloads\new changes\VisionPaidSurvey\functions\node_modules\.bin\firebase-functions'
[info] Serving at port 8226

[info] ✅ SSR Server listening on port 8226

[debug] [2025-07-24T09:25:24.396Z] Got response from /__/functions.yaml {"endpoints":{"ssr":{"availableMemoryMb":null,"timeoutSeconds":null,"minInstances":null,"maxInstances":10,"ingressSettings":null,"concurrency":null,"serviceAccountEmail":null,"vpc":null,"platform":"gcfv2","labels":{},"httpsTrigger":{},"entryPoint":"ssr"}},"specVersion":"v1alpha1","requiredAPIs":[],"extensions":{}}
[info] i  extensions: ensuring required API firebaseextensions.googleapis.com is enabled... 
[debug] [2025-07-24T09:25:28.510Z] > command requires scopes: ["email","openid","https://www.googleapis.com/auth/cloudplatformprojects.readonly","https://www.googleapis.com/auth/firebase","https://www.googleapis.com/auth/cloud-platform"]
[debug] [2025-07-24T09:25:28.510Z] > authorizing via signed-in user (profitpiller.web@gmail.com)
[debug] [2025-07-24T09:25:28.510Z] [iam] checking project visionpaidsurvey for permissions ["firebase.projects.get","firebaseextensions.instances.list"]
[debug] [2025-07-24T09:25:28.510Z] Checked if tokens are valid: true, expires at: 1753350630557
[debug] [2025-07-24T09:25:28.510Z] Checked if tokens are valid: true, expires at: 1753350630557
[debug] [2025-07-24T09:25:28.511Z] >>> [apiv2][query] POST https://cloudresourcemanager.googleapis.com/v1/projects/visionpaidsurvey:testIamPermissions [none]
[debug] [2025-07-24T09:25:28.511Z] >>> [apiv2][(partial)header] POST https://cloudresourcemanager.googleapis.com/v1/projects/visionpaidsurvey:testIamPermissions x-goog-quota-user=projects/visionpaidsurvey
[debug] [2025-07-24T09:25:28.511Z] >>> [apiv2][body] POST https://cloudresourcemanager.googleapis.com/v1/projects/visionpaidsurvey:testIamPermissions {"permissions":["firebase.projects.get","firebaseextensions.instances.list"]}
[debug] [2025-07-24T09:25:30.012Z] <<< [apiv2][status] POST https://cloudresourcemanager.googleapis.com/v1/projects/visionpaidsurvey:testIamPermissions 200
[debug] [2025-07-24T09:25:30.012Z] <<< [apiv2][body] POST https://cloudresourcemanager.googleapis.com/v1/projects/visionpaidsurvey:testIamPermissions {"permissions":["firebase.projects.get","firebaseextensions.instances.list"]}
[debug] [2025-07-24T09:25:30.014Z] Checked if tokens are valid: true, expires at: 1753350630557
[debug] [2025-07-24T09:25:30.014Z] Checked if tokens are valid: true, expires at: 1753350630557
[debug] [2025-07-24T09:25:30.014Z] >>> [apiv2][query] GET https://firebaseextensions.googleapis.com/v1beta/projects/visionpaidsurvey/instances pageSize=100&pageToken=
[debug] [2025-07-24T09:25:31.842Z] <<< [apiv2][status] GET https://firebaseextensions.googleapis.com/v1beta/projects/visionpaidsurvey/instances 200
[debug] [2025-07-24T09:25:31.843Z] <<< [apiv2][body] GET https://firebaseextensions.googleapis.com/v1beta/projects/visionpaidsurvey/instances {}
[info] i  functions: preparing functions directory for uploading... 
[info] i  functions: packaged C:\Users\PawanRajoria\Downloads\new changes\VisionPaidSurvey\functions (68.87 KB) for uploading 
[debug] [2025-07-24T09:25:31.942Z] Checked if tokens are valid: true, expires at: 1753350630557
[debug] [2025-07-24T09:25:31.942Z] Checked if tokens are valid: true, expires at: 1753350630557
[debug] [2025-07-24T09:25:31.942Z] >>> [apiv2][query] GET https://cloudfunctions.googleapis.com/v1/projects/visionpaidsurvey/locations/-/functions [none]
[debug] [2025-07-24T09:25:32.880Z] <<< [apiv2][status] GET https://cloudfunctions.googleapis.com/v1/projects/visionpaidsurvey/locations/-/functions 200
[debug] [2025-07-24T09:25:32.881Z] <<< [apiv2][body] GET https://cloudfunctions.googleapis.com/v1/projects/visionpaidsurvey/locations/-/functions {}
[debug] [2025-07-24T09:25:32.882Z] Checked if tokens are valid: true, expires at: 1753350630557
[debug] [2025-07-24T09:25:32.883Z] Checked if tokens are valid: true, expires at: 1753350630557
[debug] [2025-07-24T09:25:32.884Z] >>> [apiv2][query] GET https://cloudfunctions.googleapis.com/v2/projects/visionpaidsurvey/locations/-/functions filter=environment%3D%22GEN_2%22
[debug] [2025-07-24T09:25:34.519Z] <<< [apiv2][status] GET https://cloudfunctions.googleapis.com/v2/projects/visionpaidsurvey/locations/-/functions 200
[debug] [2025-07-24T09:25:34.520Z] <<< [apiv2][body] GET https://cloudfunctions.googleapis.com/v2/projects/visionpaidsurvey/locations/-/functions {"functions":[{"name":"projects/visionpaidsurvey/locations/us-central1/functions/ssr","buildConfig":{"build":"projects/988754056043/locations/us-central1/builds/5135b870-e3c0-47f1-8bc3-45984b7807a7","runtime":"nodejs22","entryPoint":"ssr","source":{"storageSource":{"bucket":"gcf-v2-sources-988754056043-us-central1","object":"ssr/function-source.zip","generation":"1753348693708687"}},"environmentVariables":{"GOOGLE_NODE_RUN_SCRIPTS":""},"dockerRepository":"projects/visionpaidsurvey/locations/us-central1/repositories/gcf-artifacts","serviceAccount":"projects/visionpaidsurvey/serviceAccounts/988754056043-compute@developer.gserviceaccount.com","automaticUpdatePolicy":{}},"serviceConfig":{"service":"projects/visionpaidsurvey/locations/us-central1/services/ssr","timeoutSeconds":60,"environmentVariables":{"FIREBASE_CONFIG":"{\"projectId\":\"visionpaidsurvey\",\"storageBucket\":\"visionpaidsurvey.firebasestorage.app\"}","GCLOUD_PROJECT":"visionpaidsurvey","EVENTARC_CLOUD_EVENT_SOURCE":"projects/visionpaidsurvey/locations/us-central1/services/ssr","FUNCTION_TARGET":"ssr","LOG_EXECUTION_ID":"true"},"maxInstanceCount":10,"ingressSettings":"ALLOW_ALL","uri":"https://ssr-xy4tu5wnxa-uc.a.run.app","serviceAccountEmail":"988754056043-compute@developer.gserviceaccount.com","availableMemory":"256Mi","allTrafficOnLatestRevision":true,"revision":"ssr-00005-zeg","maxInstanceRequestConcurrency":80,"availableCpu":"1"},"state":"ACTIVE","updateTime":"2025-07-24T09:19:02.575684996Z","labels":{"deployment-tool":"cli-firebase","firebase-functions-hash":"551936885310c7c97bc83b4310924cdf8ce890a6"},"environment":"GEN_2","url":"https://us-central1-visionpaidsurvey.cloudfunctions.net/ssr","createTime":"2025-07-23T14:26:47.460559120Z","satisfiesPzi":true}]}
[info] i  functions: ensuring required API run.googleapis.com is enabled... 
[info] i  functions: ensuring required API eventarc.googleapis.com is enabled... 
[info] i  functions: ensuring required API pubsub.googleapis.com is enabled... 
[info] i  functions: ensuring required API storage.googleapis.com is enabled... 
[info] i  functions: generating the service identity for pubsub.googleapis.com... 
[debug] [2025-07-24T09:25:34.527Z] Checked if tokens are valid: true, expires at: 1753350630557
[debug] [2025-07-24T09:25:34.527Z] Checked if tokens are valid: true, expires at: 1753350630557
[info] i  functions: generating the service identity for eventarc.googleapis.com... 
[debug] [2025-07-24T09:25:34.528Z] Checked if tokens are valid: true, expires at: 1753350630557
[debug] [2025-07-24T09:25:34.528Z] Checked if tokens are valid: true, expires at: 1753350630557
[debug] [2025-07-24T09:25:34.528Z] >>> [apiv2][query] POST https://serviceusage.googleapis.com/v1beta1/projects/988754056043/services/pubsub.googleapis.com:generateServiceIdentity [none]
[debug] [2025-07-24T09:25:34.528Z] >>> [apiv2][(partial)header] POST https://serviceusage.googleapis.com/v1beta1/projects/988754056043/services/pubsub.googleapis.com:generateServiceIdentity x-goog-quota-user=projects/988754056043
[debug] [2025-07-24T09:25:34.528Z] >>> [apiv2][body] POST https://serviceusage.googleapis.com/v1beta1/projects/988754056043/services/pubsub.googleapis.com:generateServiceIdentity {}
[debug] [2025-07-24T09:25:34.530Z] >>> [apiv2][query] POST https://serviceusage.googleapis.com/v1beta1/projects/988754056043/services/eventarc.googleapis.com:generateServiceIdentity [none]
[debug] [2025-07-24T09:25:34.530Z] >>> [apiv2][(partial)header] POST https://serviceusage.googleapis.com/v1beta1/projects/988754056043/services/eventarc.googleapis.com:generateServiceIdentity x-goog-quota-user=projects/988754056043
[debug] [2025-07-24T09:25:34.530Z] >>> [apiv2][body] POST https://serviceusage.googleapis.com/v1beta1/projects/988754056043/services/eventarc.googleapis.com:generateServiceIdentity {}
[debug] [2025-07-24T09:25:36.432Z] <<< [apiv2][status] POST https://serviceusage.googleapis.com/v1beta1/projects/988754056043/services/pubsub.googleapis.com:generateServiceIdentity 200
[debug] [2025-07-24T09:25:36.433Z] <<< [apiv2][body] POST https://serviceusage.googleapis.com/v1beta1/projects/988754056043/services/pubsub.googleapis.com:generateServiceIdentity {"name":"operations/finished.DONE_OPERATION","done":true,"response":{"@type":"type.googleapis.com/google.api.serviceusage.v1beta1.ServiceIdentity","email":"service-988754056043@gcp-sa-pubsub.iam.gserviceaccount.com","uniqueId":"110095079021120034640"}}
[debug] [2025-07-24T09:25:36.457Z] <<< [apiv2][status] POST https://serviceusage.googleapis.com/v1beta1/projects/988754056043/services/eventarc.googleapis.com:generateServiceIdentity 200
[debug] [2025-07-24T09:25:36.457Z] <<< [apiv2][body] POST https://serviceusage.googleapis.com/v1beta1/projects/988754056043/services/eventarc.googleapis.com:generateServiceIdentity {"name":"operations/finished.DONE_OPERATION","done":true,"response":{"@type":"type.googleapis.com/google.api.serviceusage.v1beta1.ServiceIdentity","email":"service-988754056043@gcp-sa-eventarc.iam.gserviceaccount.com","uniqueId":"113987707741072430431"}}
[debug] [2025-07-24T09:25:36.461Z] Checked if tokens are valid: true, expires at: 1753350630557
[debug] [2025-07-24T09:25:36.461Z] Checked if tokens are valid: true, expires at: 1753350630557
[debug] [2025-07-24T09:25:36.461Z] >>> [apiv2][query] GET https://cloudresourcemanager.googleapis.com/v1/projects/visionpaidsurvey [none]
[debug] [2025-07-24T09:25:37.984Z] <<< [apiv2][status] GET https://cloudresourcemanager.googleapis.com/v1/projects/visionpaidsurvey 200
[debug] [2025-07-24T09:25:37.984Z] <<< [apiv2][body] GET https://cloudresourcemanager.googleapis.com/v1/projects/visionpaidsurvey {"projectNumber":"988754056043","projectId":"visionpaidsurvey","lifecycleState":"ACTIVE","name":"VisionPaidSurvey","labels":{"firebase":"enabled","firebase-core":"disabled"},"createTime":"2025-03-18T11:48:26.267051Z"}
[debug] [2025-07-24T09:25:37.985Z] Checked if tokens are valid: true, expires at: 1753350630557
[debug] [2025-07-24T09:25:37.985Z] Checked if tokens are valid: true, expires at: 1753350630557
[debug] [2025-07-24T09:25:37.985Z] >>> [apiv2][query] GET https://compute.googleapis.com/compute/v1/projects/988754056043 [none]
[debug] [2025-07-24T09:25:39.488Z] <<< [apiv2][status] GET https://compute.googleapis.com/compute/v1/projects/988754056043 403
[debug] [2025-07-24T09:25:39.489Z] <<< [apiv2][body] GET https://compute.googleapis.com/compute/v1/projects/988754056043 {"error":{"code":403,"message":"Compute Engine API has not been used in project 988754056043 before or it is disabled. Enable it by visiting https://console.developers.google.com/apis/api/compute.googleapis.com/overview?project=988754056043 then retry. If you enabled this API recently, wait a few minutes for the action to propagate to our systems and retry.","errors":[{"message":"Compute Engine API has not been used in project 988754056043 before or it is disabled. Enable it by visiting https://console.developers.google.com/apis/api/compute.googleapis.com/overview?project=988754056043 then retry. If you enabled this API recently, wait a few minutes for the action to propagate to our systems and retry.","domain":"usageLimits","reason":"accessNotConfigured","extendedHelp":"https://console.developers.google.com"}],"status":"PERMISSION_DENIED","details":[{"@type":"type.googleapis.com/google.rpc.ErrorInfo","reason":"SERVICE_DISABLED","domain":"googleapis.com","metadata":{"activationUrl":"https://console.developers.google.com/apis/api/compute.googleapis.com/overview?project=988754056043","service":"compute.googleapis.com","containerInfo":"988754056043","consumer":"projects/988754056043","serviceTitle":"Compute Engine API"}},{"@type":"type.googleapis.com/google.rpc.LocalizedMessage","locale":"en-US","message":"Compute Engine API has not been used in project 988754056043 before or it is disabled. Enable it by visiting https://console.developers.google.com/apis/api/compute.googleapis.com/overview?project=988754056043 then retry. If you enabled this API recently, wait a few minutes for the action to propagate to our systems and retry."},{"@type":"type.googleapis.com/google.rpc.Help","links":[{"description":"Google developers console API activation","url":"https://console.developers.google.com/apis/api/compute.googleapis.com/overview?project=988754056043"}]}]}}
[debug] [2025-07-24T09:25:39.491Z] unable to look up default compute service account. Falling back to 988754056043-compute@developer.gserviceaccount.com. Error: {"name":"FirebaseError","children":[],"context":{"body":{"error":{"code":403,"message":"Compute Engine API has not been used in project 988754056043 before or it is disabled. Enable it by visiting https://console.developers.google.com/apis/api/compute.googleapis.com/overview?project=988754056043 then retry. If you enabled this API recently, wait a few minutes for the action to propagate to our systems and retry.","errors":[{"message":"Compute Engine API has not been used in project 988754056043 before or it is disabled. Enable it by visiting https://console.developers.google.com/apis/api/compute.googleapis.com/overview?project=988754056043 then retry. If you enabled this API recently, wait a few minutes for the action to propagate to our systems and retry.","domain":"usageLimits","reason":"accessNotConfigured","extendedHelp":"https://console.developers.google.com"}],"status":"PERMISSION_DENIED","details":[{"@type":"type.googleapis.com/google.rpc.ErrorInfo","reason":"SERVICE_DISABLED","domain":"googleapis.com","metadata":{"activationUrl":"https://console.developers.google.com/apis/api/compute.googleapis.com/overview?project=988754056043","service":"compute.googleapis.com","containerInfo":"988754056043","consumer":"projects/988754056043","serviceTitle":"Compute Engine API"}},{"@type":"type.googleapis.com/google.rpc.LocalizedMessage","locale":"en-US","message":"Compute Engine API has not been used in project 988754056043 before or it is disabled. Enable it by visiting https://console.developers.google.com/apis/api/compute.googleapis.com/overview?project=988754056043 then retry. If you enabled this API recently, wait a few minutes for the action to propagate to our systems and retry."},{"@type":"type.googleapis.com/google.rpc.Help","links":[{"description":"Google developers console API activation","url":"https://console.developers.google.com/apis/api/compute.googleapis.com/overview?project=988754056043"}]}]}},"response":{"statusCode":403}},"exit":1,"message":"Request to https://compute.googleapis.com/compute/v1/projects/988754056043 had HTTP Error: 403, Compute Engine API has not been used in project 988754056043 before or it is disabled. Enable it by visiting https://console.developers.google.com/apis/api/compute.googleapis.com/overview?project=988754056043 then retry. If you enabled this API recently, wait a few minutes for the action to propagate to our systems and retry.","status":403}
[debug] [2025-07-24T09:25:39.501Z] Checked if tokens are valid: true, expires at: 1753350630557
[debug] [2025-07-24T09:25:39.501Z] Checked if tokens are valid: true, expires at: 1753350630557
[debug] [2025-07-24T09:25:39.501Z] >>> [apiv2][query] POST https://firebasehosting.googleapis.com/v1beta1/projects/-/sites/visionpaidsurvey/versions [none]
[debug] [2025-07-24T09:25:39.501Z] >>> [apiv2][body] POST https://firebasehosting.googleapis.com/v1beta1/projects/-/sites/visionpaidsurvey/versions {"status":"CREATED","labels":{"deployment-tool":"cli-firebase"}}
[debug] [2025-07-24T09:25:41.015Z] <<< [apiv2][status] POST https://firebasehosting.googleapis.com/v1beta1/projects/-/sites/visionpaidsurvey/versions 200
[debug] [2025-07-24T09:25:41.016Z] <<< [apiv2][body] POST https://firebasehosting.googleapis.com/v1beta1/projects/-/sites/visionpaidsurvey/versions {"name":"projects/988754056043/sites/visionpaidsurvey/versions/f7528f51e81d9ae3","status":"CREATED","config":{},"labels":{"deployment-tool":"cli-firebase"}}
[debug] [2025-07-24T09:25:41.018Z] Checked if tokens are valid: true, expires at: 1753350630557
[debug] [2025-07-24T09:25:41.019Z] Checked if tokens are valid: true, expires at: 1753350630557
[debug] [2025-07-24T09:25:41.019Z] >>> [apiv2][query] GET https://cloudbilling.googleapis.com/v1/projects/visionpaidsurvey/billingInfo [none]
[debug] [2025-07-24T09:25:42.529Z] <<< [apiv2][status] GET https://cloudbilling.googleapis.com/v1/projects/visionpaidsurvey/billingInfo 200
[debug] [2025-07-24T09:25:42.529Z] <<< [apiv2][body] GET https://cloudbilling.googleapis.com/v1/projects/visionpaidsurvey/billingInfo {"name":"projects/visionpaidsurvey/billingInfo","projectId":"visionpaidsurvey","billingAccountName":"billingAccounts/015892-78EF93-D7D3D2","billingEnabled":true}
[debug] [2025-07-24T09:25:42.538Z] Checked if tokens are valid: true, expires at: 1753350630557
[debug] [2025-07-24T09:25:42.539Z] Checked if tokens are valid: true, expires at: 1753350630557
[debug] [2025-07-24T09:25:42.540Z] >>> [apiv2][query] POST https://cloudfunctions.googleapis.com/v2/projects/visionpaidsurvey/locations/us-central1/functions:generateUploadUrl [none]
[debug] [2025-07-24T09:25:44.041Z] <<< [apiv2][status] POST https://cloudfunctions.googleapis.com/v2/projects/visionpaidsurvey/locations/us-central1/functions:generateUploadUrl 200
[debug] [2025-07-24T09:25:44.041Z] <<< [apiv2][body] POST https://cloudfunctions.googleapis.com/v2/projects/visionpaidsurvey/locations/us-central1/functions:generateUploadUrl {"uploadUrl":"https://storage.googleapis.com/gcf-v2-uploads-988754056043.us-central1.cloudfunctions.appspot.com/95637bd4-98ad-4d48-ad6b-c23bcec1331b.zip?GoogleAccessId=service-988754056043@gcf-admin-robot.iam.gserviceaccount.com&Expires=1753350943&Signature=es9gLYkxj3fG%2Bx6L92SysS0mwXSO%2BrZmvL0VUHB1NXr4yb7GkD7co35P0gNhwBRS295uXwltUTacUj2%2FqwzyMZNNQ41TWgtzSGjS93lPaJ0kh%2F323r2HlvnuxCSd8MXM1zsOhwI3JPfsYaFGPzGTadI4Rk36JtutfUxHvb8TwpBKxW2Ht3hr7ZyluzP35LRUowdWXclSt1DvbspLYsX%2BqAw8WUEKjp7Tz6fToXVZrOfHG7rACva0rUGcdycPam4%2FfeKQ3%2FC1c0vObZ4xuHMHUs0awTs72%2FOVYddbTXP85yjVb1qlRSd%2FRi4meB5D9e%2B7YLYG%2FHUWuuLwdiYF3ORlPg%3D%3D","storageSource":{"bucket":"gcf-v2-uploads-988754056043.us-central1.cloudfunctions.appspot.com","object":"95637bd4-98ad-4d48-ad6b-c23bcec1331b.zip"}}
[debug] [2025-07-24T09:25:44.043Z] >>> [apiv2][query] PUT https://storage.googleapis.com/gcf-v2-uploads-988754056043.us-central1.cloudfunctions.appspot.com/95637bd4-98ad-4d48-ad6b-c23bcec1331b.zip GoogleAccessId=service-988754056043%40gcf-admin-robot.iam.gserviceaccount.com&Expires=1753350943&Signature=es9gLYkxj3fG%2Bx6L92SysS0mwXSO%2BrZmvL0VUHB1NXr4yb7GkD7co35P0gNhwBRS295uXwltUTacUj2%2FqwzyMZNNQ41TWgtzSGjS93lPaJ0kh%2F323r2HlvnuxCSd8MXM1zsOhwI3JPfsYaFGPzGTadI4Rk36JtutfUxHvb8TwpBKxW2Ht3hr7ZyluzP35LRUowdWXclSt1DvbspLYsX%2BqAw8WUEKjp7Tz6fToXVZrOfHG7rACva0rUGcdycPam4%2FfeKQ3%2FC1c0vObZ4xuHMHUs0awTs72%2FOVYddbTXP85yjVb1qlRSd%2FRi4meB5D9e%2B7YLYG%2FHUWuuLwdiYF3ORlPg%3D%3D
[debug] [2025-07-24T09:25:44.043Z] >>> [apiv2][body] PUT https://storage.googleapis.com/gcf-v2-uploads-988754056043.us-central1.cloudfunctions.appspot.com/95637bd4-98ad-4d48-ad6b-c23bcec1331b.zip [stream]
[debug] [2025-07-24T09:25:46.125Z] <<< [apiv2][status] PUT https://storage.googleapis.com/gcf-v2-uploads-988754056043.us-central1.cloudfunctions.appspot.com/95637bd4-98ad-4d48-ad6b-c23bcec1331b.zip 200
[debug] [2025-07-24T09:25:46.126Z] <<< [apiv2][body] PUT https://storage.googleapis.com/gcf-v2-uploads-988754056043.us-central1.cloudfunctions.appspot.com/95637bd4-98ad-4d48-ad6b-c23bcec1331b.zip [omitted]
[info] +  functions: functions folder uploaded successfully 
[info] i  hosting[visionpaidsurvey]: beginning deploy... 
[info] i  hosting[visionpaidsurvey]: found 306 files in dist/VisionPaidSurvey/browser 
[debug] [2025-07-24T09:25:46.210Z] [hosting] uploading with 200 concurrency
[debug] [2025-07-24T09:25:46.499Z] Checked if tokens are valid: true, expires at: 1753350630557
[debug] [2025-07-24T09:25:46.499Z] Checked if tokens are valid: true, expires at: 1753350630557
[debug] [2025-07-24T09:25:46.503Z] [hosting] hash cache [ZGlzdFxWaXNpb25QYWlkU3VydmV5XGJyb3dzZXI] stored for 306 files
[debug] [2025-07-24T09:25:46.503Z] [hosting][hash queue][FINAL] {"max":277,"min":0,"avg":21.071895424836605,"active":0,"complete":306,"success":306,"errored":0,"retried":0,"total":306,"elapsed":285}
[debug] [2025-07-24T09:25:46.504Z] >>> [apiv2][query] POST https://firebasehosting.googleapis.com/v1beta1/projects/988754056043/sites/visionpaidsurvey/versions/f7528f51e81d9ae3:populateFiles [none]
[debug] [2025-07-24T09:25:46.504Z] >>> [apiv2][body] POST https://firebasehosting.googleapis.com/v1beta1/projects/988754056043/sites/visionpaidsurvey/versions/f7528f51e81d9ae3:populateFiles {"files":{"/chunk-GGQ7LRWG.js":"46b50c321b39e89a491b6727a01628c34245605a30beb3e7414c5e01cff90e6e","/polyfills-B6TNHZQ6.js":"a87c0954a6184a0e0d27cd02df3fe43c02f121416dc1d71923148f1dbbdc377a","/chunk-ZBEZJ5JH.js":"614d37e1e095796180ec29d4678b6b78b2ee2914b54efeafd884339e0e15adeb","/assets/config.json":"7daa17e8e051ec9a21b07b1756d134c631de7d1cda2b85974cdb6d53f51a53ff","/assets/styles/_variables.scss":"349990efc57dae8ce1e89161e99fa211d5790c339ed0a55b3c746360b8311d8b","/assets/styles/_container.scss":"3a8e278e3524ff3b348a4815bdfa48e82fb732987e58fb015f701cc2f24937d0","/assets/styles/style.scss":"8a41890d43d9b1f8e39593637a204306bb23262f88c9333810a3b099466e3560","/assets/styles/themecolors/_orange_theme.scss":"8f25a84e9bd95f429a12db5075afe6183291198ef6921e29e5a1b9ea8b681b93","/assets/styles/theme-variables/_light-theme-variables.scss":"9096f0247f8d908f2df0eceecb186d6a4547edecf204b45cbd4c032fdeec3b1e","/assets/styles/theme-variables/_default-variables.scss":"eb1567745f010f3b68c7391cbd245d80ae8702e8e2033c7568aa4ab4261adcad","/assets/styles/theme-variables/_dark-theme-variables.scss":"0091c8e34d460dd802d744998553a7b0774bf1e41e6f63888d56f6cb40e05a47","/assets/styles/pages/_dashboards.scss":"99be9908cac1f016914021251ea3277c6822e6060481f4c2b0e57bef14f5aec3","/assets/styles/pages/_auth.scss":"94e1481991c7b36b3ce123b525559397331e9e7ece309046fe5cf3022e021d9d","/assets/styles/override-component/_typography.scss":"52599831c133e23cedcd76472d10361068f1920079b6ff11e6a6ae05a8fa4eca","/assets/styles/override-component/_theme.scss":"9f3290501d514641befc8ee99e1b793e9a273701323399051881b1f3ed02fb4d","/assets/styles/override-component/_table.scss":"61e507286e0cb4f16f6ebbd3a0845852bde016be1aea2c24654fe9cbd5521e22","/assets/styles/override-component/_tab.scss":"98705675c472380f64881dfc2e15ea6bd9f3a06e69ab6e5c30d6dbb1415717fe","/assets/styles/override-component/_progress.scss":"cb9a4dd9c0cb465a1ac48af152b75748f85f6f5e35460836ad82ae886f4b9f55","/assets/styles/override-component/_menu.scss":"ed7ddf2e312335e42b9ac7066d04f30d5bc6c3baac59d507bcf8359ce195a486","/assets/styles/override-component/_list.scss":"aa938caaefad1516861b84e3b5818f4ec628dcd424225b6196954c677c79dd85","/assets/styles/override-component/_index.scss":"5c0806df0e371b7dc33438ecee3607a77100fd0588439990cfd8daf9a2df49f0","/assets/styles/override-component/_form-field.scss":"0bad8c6e0b9687c5cb88a3ba2b246bea9efbea492fecdda897a60983d749a315","/assets/styles/override-component/_fab.scss":"0a2818c5962e422903f5443e12de988aa82fe71a287e34d28a1a81316ccca942","/assets/styles/override-component/_drawer.scss":"57b0e5de4753b91afb5dcc1888916721ea58577ed3af2e899bc41ff2c9f3f0d8","/assets/styles/override-component/_dialog.scss":"e3ba3d32caf274805b44e07318b5e3b57c8c4002fdabc70edc087971f0396e6f","/assets/styles/override-component/_chip.scss":"09f0a66dfd199c11ccdee866df55fc8239a4d96ae68dddbc6646609a1a418109","/assets/styles/override-component/_checkbox.scss":"7b84b916ea19e1f3617894110939d822ad9d0aa3ff64c05ac5fe904d40a114a4","/assets/styles/override-component/_card.scss":"a8566ba1027c9fdb4c2430701e3e93fa61afa3f88e90b4234183a1eb562664f8","/assets/styles/override-component/_button.scss":"6f41d5293d6a26ff34f8f39d8db517426270ae9119c2175b942fe825e5997380","/assets/styles/override-component/_button-toggle.scss":"b128d7b4dd2b5bac46b8de52f8738621de16533c466357ff2a24b0702681aa42","/assets/styles/override-component/_badge.scss":"0c73a5936c3858bae15a2c7bf69a945e06626b2fa430a35a48c0a922ce135876","/assets/styles/layouts/_transitions.scss":"bf672877525c692adff75479ae92173ddc69efaf7c3692d8c1dee44aa27ab6a8","/assets/styles/layouts/_sidebar.scss":"d82fcfd3c4cb1b85ffd1a78428169c4ae3a4ec4dd765e2cd8278afa5a364f770","/assets/styles/layouts/_layouts.scss":"f367edd7e8e7dcf7b36c2940477b2df4c15a24bff7b59a21bd2d1a206274cb16","/assets/styles/layouts/_header.scss":"e669acf9ca06a99efc8766998bc8aedc37b8e8423ac801fe30190b0718636d7b","/assets/styles/helpers/_variables.scss":"08ec953890e2bd49c9367d80975eeb41f385ab6f56060d0c0c58a44f492a69a9","/assets/styles/helpers/_text.scss":"be48a0aacab33bc1f28feb31b59bebe47074995d666a93d0ecddb9b7d99bc490","/assets/styles/helpers/_spacing.scss":"f8f910e8b9d422460cf63659df59b4bc58b8838b1d47dbf76fcdbc6120b60e3c","/assets/styles/helpers/_rounded.scss":"76ec5fcb785de46a516b79732ef5f5eb8b8462f3d9719985ff2c5bc7c31f791a","/assets/styles/helpers/_index.scss":"ec8bb43d0354d64b2b6483bb74fb95c4ee08d6eb7839b03da4add54d9b4c80f6","/assets/styles/helpers/_icon-size.scss":"06690bd310d9c7a8bd32898eb6316629c85f491a8bd10cbde7e2fcbaa3e4d068","/assets/styles/helpers/_functions.scss":"3eba0f724f27f8ac29ee3a5f04aa2c5c0c50a28ca3912e4ef5de5da11778430a","/assets/styles/helpers/_flexbox.scss":"d810b43a83a3a04db024ebaae9d13328257eba2fe6a65ba27f19a12bacdfba3c","/assets/styles/helpers/_display.scss":"9665dcb9c5c6bfd5d654e2de0ced0984c3c6c7b7261ff6d61dd038690bae862d","/assets/styles/helpers/_custom-flex.scss":"da80b36de8515358064d8e148f805f5e1cb8b638a5f06cc0b3fb31a39fa786b4","/assets/styles/helpers/_color.scss":"205faa1b60c20906b5626de1768653652018a8267d8cbbe98e03196dab47bff5","/assets/styles/helpers/_border.scss":"8ed25a3400da8e76a6fc7661bc35bcc9ec9804eda576d70aa37a1eadd542b964","/assets/styles/helpers/_border-color.scss":"a1813778b2ec49e25e73946b2582363f7c3450756e6bb13fcfa9f699607fbdd2","/assets/styles/grid/_variables.scss":"ead9ce49da425538d10803aee3740c82ebe306255b029f1eb550a22967b37166","/assets/styles/grid/_mixins.scss":"ab86e460b0c07849ba4f0e5c4005a5dfb4ed466afc4a5de8e3b4e79e9b21954e","/assets/styles/grid/_grid.scss":"1a0f42fa5d3e4d8e5f62fbeef4aa3eb7c4e6e8b811601683525e7314e0530a3d","/assets/js/fingerprint.js":"9cf1b8db9120cc3b3fa415677848e7c803a713ce51f89e13bf792251029d6866","/assets/images/xbox.png":"1d8b0a187bd1e2830410e18eb814a2e7234e7832dccdd6a66054e768ba0a9ee2","/assets/images/visa.png":"b36cf5768a85ffbdf328793ee73383ffe486fd24618ee65017f95e4b63095c5f","/assets/images/uber.png":"995182faee549bf74cdd58c82ff7be4e7a5dd8c70580e7cbc109d30ca02d910e","/assets/images/terms-conditions.jpg":"95296ec38159d613ba3249f56c7f2c88a94c637b97f8f604f49cd392c5adce02","/assets/images/survey.png":"370fe9390e3db7c9ff564a6fa82b4de36d051915e6cf7c306f183473ffa28694","/assets/images/sadsad.png":"1bf2f6937ad24badc98f6e9a354ea949aed4af5468322b8c54f1a74612eefc2d","/assets/images/refer.jpg":"333c033fe0260b5f78503119e0fa2b10469639eea1297f2a4504d057535484fc","/assets/images/real-money-earning-trump-cards-game.webp":"6e1d26af657d2be2fce4b67239ad8fff14939ce2074e5109d635ba99063edcae","/assets/images/privecy-policy.jpg":"a88443575baca083f1adf79f0094ba30356783e0ed9dc028ace52a07872d7f70","/assets/images/playstation.png":"5c66ccc04016c47e96a30f8b6273238da7edb881775bd31a7a27d2c1104399d5","/assets/images/paypal.png":"1eb3840f4e480b53fca6479bd3b73bf8c60829fdb40e4569d09166e84df012ca","/assets/images/OW.png":"d8c5a409293901223b0fd634d9f61ac4478b6046bea9933003115cb241c8e25a","/assets/images/online-survey.jpg":"cc057307a536eb4128e87a570e30d976ad2ef9303afc044ac72f7c44d3d0e81c","/assets/images/offer.png":"484bfd5f657fc67695c0e2d60fc187fc4f41afee4d3b807971508e94da226a67","/assets/images/no-data.jpg":"5782c43517405236999939770a856a70ef296845dde8671d6284ef7cee7e3faa","/assets/images/more.png":"ea564f958c3d8b9a6aad55e78b28b224404d4af4769572c4e162916109b6acc6","/assets/images/logo_sd.png":"5bb40d0b0c1c85e427a704c99b010b992d1e482c085b34529040e0bffacb505b","/assets/images/logo_black.png":"6053310b80da7ce0fbcdbc48af2bf3cd5674f7fb2b8142dc2b99f49107e099a3","/assets/images/logo_23.png":"d8de3fcfb8412db5c56fb21aab76014920df24285b8b4681c86ffa2051a4f468","/assets/images/logo_21.png":"ce861d7fb70d831c6189adb309d583611a8efa6d7965903293f902092b1e457a","/assets/images/logo_1.png":"72d455025b8bfc327039ffe30fbd183a148bec4e793c0774735918cf940b766c","/assets/images/logodasd.png":"d450785af96553f41d6a0d78dd87f3a11cf3af993c4b7a5c40d04d8f19c80839","/assets/images/logo.png":"9feeeb58e81c6d18d53dac0b9257d903c2836b764956a9733bc2cbafd5492f71","/assets/images/img.avif":"283c60633bd50b01978918263dba880ec27118f65ba3019aa345ebba972609aa","/assets/images/elements6.png":"22a683f24412fe9dd3d376b420e31fa4df0a3ac3ec43c53a4b22b090df4cfe55","/assets/images/elements5.png":"5e39ad81d39043d80c986789a2ed6f83c9a664bdb2db6ec6164c3e30855ee90f","/assets/images/elements4.png":"8d0195ea0d74219274e118b92f327722a59e98b55e6170bb5350dcd10f987283","/assets/images/el-motion-logo.mp4":"4192be0d9b305a83b8c03d88138c566cabe8d9d2a82331ff0917cba5e21166fd","/assets/images/easy-step-thumb9.png":"b45d5d55d6d92cfb92652c4c5b27f32b82172d84207511ae5f4e43f259d3e86d","/assets/images/download.png":"896ce20438e92aded47bce3e25fa2c5597ad1f4530ccd60a03a438596344f5fd","/assets/images/cta-img1.png":"b3707a739f8244811d5207883b243b8fdc51061d04418b6808028fa1110aa456","/assets/images/contact-us.jpg":"52a03ebefaa50c4c46669edd153a08f849dcea1cc0db60a5a37df0488028b6fe","/assets/images/apple.png":"1161d45fb4e0d570258ffa3c1d9f2b93a7db744a2c3aa125e86d0193fd2644ef","/assets/images/1logo.png":"ad50f8c52cdf3efe7d13f4cce090056505c9ad226f3bae76da3205cbe92d1c4a","/assets/images/svgs/google-icon.svg":"286a00712b95be52a5429db504318066f09e2b390a398d0e66c1d4d72d2ab4cf","/assets/images/svgs/facebook-icon.svg":"1fdb24093dd6330cfb04ff31e2386a1b7dc49c04ffd93e9ab16bbfe13b40e1e8","/assets/images/profile/user-4.jpg":"031ec4ef8ed10246292f1d55c93514b3867877070e6008e890e0476d7ae40e41","/assets/images/profile/user-3.jpg":"37a5f8d3c16a21d810e7e9582364828235586f26063ce79149f837617faeeb54","/assets/images/profile/user-2.jpg":"f92dd07e908b97495f2857e3f2141e625e4e33cccd280eba7219f9d08d109f5f","/assets/images/profile/user-1.jpg":"8879ed7a0c1fb7dc9f2ee2a3293dfd3e8d01de6c0ba8a1f37d1bb193ba8a567f","/assets/images/profile/profile-img.png":"81f62b26359be0bea5a5ae6d2a1ba5a7912e10f2535e0ea6fa80c7ceb85055aa","/assets/images/products/product-4.png":"8acf212e7514b6b02885cb526280bacc6fa602b6889998551e961af6a3327826","/assets/images/products/product-3.png":"87db5a815d3aa8ee3bb99798f0e4fcce30ca27f936a6c1e66e16e0f1220a14cf","/assets/images/products/product-2.png":"8842d15f7906715637d5f209c7b70a362ad10b99415362ea62712b20cdeb505e","/assets/images/products/product-1.png":"00eab030ecda33701fff39ed965c29d0b7ab9cc1abc47abacf1ef6a0dd0f4201","/assets/images/products/p4.jpg":"b93080e32428ce646396509bbc4cb37f94faea704976546be0386534a8c1e340","/assets/images/products/p3.jpg":"2a48902e133ce779fa58eb0e6042f7b48de0044eca6c70c1b036b33584265928","/assets/images/products/p2.jpg":"0e69a57af1ac17dbc987cada4a59bec3f187a63aa5f11b60517fbc34fd4d183d","/assets/images/products/p1.jpg":"b808970799bcb62767675931aaa3d601d0c82718f4553cf73d6d45d25d3f0de6","/assets/images/partners/timewall-logo.png":"99d3a3702bab325ca8b5495a7cc5c34a3602265581f8319b75569b4f38339b24","/assets/images/partners/sayso.webp":"e0a379d2d6210364128b8566699638ab4366ac12defbcffa4b6ab226852b4089","/assets/images/partners/notik_logo.png":"6a41b852872caba8ee0103cbbc9d3e4667955303384f9243164629eb43de45d3","/assets/images/partners/logo-cpx-reserach-green.svg":"ae1fe954eab97ba772be7f78c04057b2bf58c5d4b4ad1ee3856eefc1fe6d0416","/assets/images/partners/dark_logo_cpalead.webp":"e94ef2dd470f6169c616c93b294b13c2ef7bd196218456c1ee442e56aebae586","/assets/images/partners/BitLabsWhiteLogo.png":"4adebde97508eceb18b439f23d22d4a9c493ab3df7247f53b70959cbb6128189","/assets/images/logos/visa.jpg":"7c24d437e385d163e876915d0b08d61024ed3d1a07bf041a4d068e90ad5ac693","/assets/images/logos/paypal.jpg":"10f33fe108fad70f51d4fbe35d7efa943dc21c2c1ca4f35b2492d244327ea555","/assets/images/logos/dark-logo.svg":"14c9f290b2e8214e31b22bd1d4e7a21e0dedbf1ae5f42463ac0fb31ecf47c4dd","/assets/images/logos/amazon.jpg":"5a27e8c6b7e8af702492e6df3364ea7fc4fce34eb7f8f8ce70c4c5bc851597bb","/assets/images/icon/visa.png":"5d85431d13bb0bb42be291f3c7e84c85c4c439ffe9d5a84d0292868f39fedcfd","/assets/images/icon/user.png":"237e1527b35973db470e64e7ae70f04837409e00673378b1591f4ec129f8b1cb","/assets/images/icon/trophy.png":"00cfb463906457e88457416e471ccd94fb8b589c568684b1b08b7f1a08811f36","/assets/images/icon/trophy-star.png":"d5b4623cd6a21485e5e9ba9a5bd4199f047f84785776c34f76db7805fcff421a","/assets/images/icon/task.png":"e4277e9c32d6fd426aab1e9d37f8e970e1d031ff1b809093219bf2ea9b261431","/assets/images/icon/survey.png":"3c0a7bbb5296df4e8ac91053b97d3588134dc8562b793b7cce08154788795dc7","/assets/images/icon/rh-trustpilot-stars.svg":"ac007c34d536d4d91f44f60aacb6a1e833f0b38e43726690baf2684735a2133a","/assets/images/icon/rh-google.svg":"34a81b7a3596fc82d21e0ecb4af05b223cada7ddfab815574e8e8d7552543ebc","/assets/images/icon/rh-facebook.svg":"83a9f3539a7b72269d07108a3b2e2edcba3a7e9e6af99f3525c773f88c763a24","/assets/images/icon/reward.png":"70d7e97a095672ea7e7dd02e8fe68ded1f3dc25de60d5e562a7c7306d19764cc","/assets/images/icon/quality.png":"7ede50acbe2cb8122b412847ccf62d2d3ab5b23632d9675641e71b2d3b6d0e75","/assets/images/icon/phone.png":"f06c84441eed4e2fc4d5f33bff27b0f5cb31fdd6d94111034dcd4a6029f09e91","/assets/images/icon/paypal.png":"fcde6e6f7bcc5d49ffe087499b75475d4256e06a6bdeff265650804e56ac1827","/assets/images/icon/party.png":"4259c9d3d519bc7a8353fc7ac1e942b56d3cd909c7bd8f37b47c663f2e362371","/assets/images/icon/office-man.png":"d2265fca4bf8c01db1e8b2a0706d421e283835c8686b4eaf4f72b26a6e422c3a","/assets/images/icon/offer.png":"0c795a1ab4d3f65d2f68e953ec53611763258b69bdf2985ad4acecb04523f06a","/assets/images/icon/money.png":"319f5f9d782cd573541b9c79f09a64c4abc029871fa7e3803c0e1c978ef75789","/assets/images/icon/mission.png":"dbc046e41bdea758727382febde7115f5847963099f8f809b9cf69d190c78e78","/assets/images/icon/man.png":"be034558f39199a692c558452ca8df6235679f1d61ce75b1a163257b32ed70ca","/assets/images/icon/level-up.png":"583cefcb338524dcf6ea91dd18c6fdb213f35c8d88f83c1b6e329cfc0c4af88c","/assets/images/icon/img-40.png":"527154fa11f9738933c548b742bbd6b344f4caec95bff14020ab52df052a7d45","/assets/images/icon/img-39.png":"99a712bb7cd4371abf2949c1513e4610ebb735056182b98213c26563f7bdc3a5","/assets/images/icon/icon3.svg":"f776ebecfc5f8b10e16f5fc22847bbdb56b050bff670506445b605ba5109d938","/assets/images/icon/icon2.svg":"009ac46e582a0ef6e032393b61a86924a3957b517cb9f923a3e5bc01c83322f8","/assets/images/icon/icon-step.svg":"986bfa5a4faa2b4375b182e0d07808a0f37dea593c9c1032d734e5191304005c","/assets/images/icon/homepage_signup_icon1.svg":"307cd3f01057cf6bfcf617162e8850ac579291d1d2f40c74c6cec756cd0ca925","/assets/images/icon/homepage_signup_icon.svg":"d4378f8b332b7c3827ec176ad23d512a9ce0cd57adc2268d0beaa7e16d6d7d98","/assets/images/icon/happy-smiling.jpg":"44b8a1946992210e77137afd23da4fcb029adf2b87547312b70f6dab63b03c32","/assets/images/icon/hacker.png":"9ef4130cdc48b5e13af8645cca957dd5f0659d97604eb89da8578fcb6c0edefb","/assets/images/icon/google.png":"b6e31144f9571028a6264a32e1578e484e6bc636462b5a1ccfb85ea751a3fa93","/assets/images/icon/gift-card1.jpg":"1e38e53e9bea78cf088c8087501e7a4d70b674ee373462634106facff8a962ce","/assets/images/icon/gift-card.png":"43c2dd0a01872e7efb4be77ea9ed43efbe7e3c60855f831e17eb2312d6c6180a","/assets/images/icon/gamepad.png":"34756fa72577c27fc526c83bef2472ca0f485bec2eb50f2b05dc2edf55c5180f","/assets/images/icon/feedback.png":"a5bceebdd3a35460c9f9348a62b1fdef0ff40997e8f10b61df023594a4819672","/assets/images/icon/done.png":"5e0d0816d255bd9ad44ab1c2fbbba4c3c3ac4544707d71daf68a33491284a6c4","/assets/images/icon/doller.png":"1f514cc0cc827a84a1dca04e3b6bccecb3b57482c7fcbb21a79a43803f9371d0","/assets/images/icon/crown.png":"b925d4192acf5f67fa60cf3206822836c76edf40ca70842d33de4b684c937111","/assets/images/icon/checked.png":"feb3d69ba48148c1518f6cf40e301d9c0180b0426dd136ded8def5fdea241c4c","/assets/images/icon/check-mark.png":"30742da0f5ea92f10f0ac95230253443160513ebfe9f88a8db3091428d300653","/assets/images/icon/amazon.png":"41000d3d5b8889793ba98edb820588ff19c35ff8d6ddaee70aba9f20f263bbd2","/assets/images/icon/accounting.png":"c6526ba097b06f964e7407d06086e8497802101504d25172772fd06762ea282b","/assets/images/gift-cards/Visa_Giftcard.jpg":"c7a1dd3b23946b5d52b0cac90f1e37bf54e0ad7d95474ad0e9115219c2d0fcb5","/assets/images/gift-cards/Visa.png":"d6efb7b44de083d3e24ec9812ec3250b17ee2a03d165fc6e7c415ad6f3696b9d","/assets/images/gift-cards/paypal_Giftcard.jpg":"98692d97ebc9de405eaabef09b692204978a9912a55d3697608de792847d2570","/assets/images/gift-cards/paypal.png":"9177a915b566b512f1205d4c60619e513c2970774169340ab9e2d8083d8f6c67","/assets/images/gift-cards/gift-voucher.png":"9aec1d6475ba2e0dd653f040e62ceef6a997e5e6f808997191c75fb290725d19","/assets/images/gift-cards/gift-card.png":"fcb6510f9dfaa1b3a69ba081ce6e5b43ea4c5696f1cb2030c25aeb33c4a01d6e","/assets/images/gift-cards/earn-cash.png":"052841d492b43d677cf15ea3f451440d307117ada5d13a71ed57e51b50c791f1","/assets/images/gift-cards/earn-cash-image.jpg":"321f3a6cbfbd5f80735c196e219ad2dc103f4ae0d3ae7d3ff5850876eee8b983","/assets/images/gift-cards/Amazon_Giftcard.jpg":"e90f3eda498e29f62cb602f88e70f2509558794b65a0ed053a3755ec1fbb9d2c","/assets/images/gift-cards/amazon-gift.png":"86cab966e675e2ad9ae2d8ba2c8e2a39e45eade4b9b40bd9d52ff485d7565dde","/assets/images/backgrounds/wave-png-9948.png":"824d0f6275ba34a1c29be462ee575df88e46617c1e4d07415e2b12c7027e84ef","/assets/images/backgrounds/sidebar-buynow-bg.png":"989231af3d192b3d5e5c6235031e1b2c8d96c5e6dc787aba9d1b50b7185f4cd4","/assets/images/backgrounds/ribben.png":"de2f1d88d7c11e565e540e8bbd8596abe8ba031ca3f65224955dcf61076698e5","/assets/images/backgrounds/rh-vps-bg.gif":"0d98a55e999de46838bac8d41d5d0ecb537f5a78cd66f3ecd5b96e2965e79416","/assets/images/backgrounds/rh-bg-01.svg":"d4af60039746461615e4721565f256fb1a1413dcae579b772bf7909d0791cb2c","/assets/images/backgrounds/reward-bg.jpg":"1c8ebd062fafba99cadbda5f369301261d6ed915feb1618d08f76b8657e8cfd5","/assets/images/backgrounds/mockup-bg.png":"ae83b445a75a3ed129f213de4d5701d55a3f1730fb2ff855b54e53f045d3ab27","/assets/images/backgrounds/line.png":"5b996b6d3268232fda30422685beb0c9d600c1f8ae91c193f8a41e9d727f4643","/assets/images/backgrounds/how-works-line-2.png":"4ece31a5f543a04968f26995d306ade8467524028a5414b46f1b3583ed4460c6","/assets/images/backgrounds/how-works-line-1.png":"a6cd93a31e6fd3453734da99cd02fc080a69b6d4ca4cfccd503f7ddd532b7731","/assets/images/backgrounds/hero-bg2.png":"1dba7bda151aea5be9d2db621b5da54abb7e942434e44affb308ffcf21f8838b","/assets/images/backgrounds/green-wave.png":"f8bdb2452f27798e1d073392e6ffc86be766edae7b7550bffe475b27cc6bf328","/assets/images/backgrounds/gift-img.png":"d19339d65ba4d021c78d6868499ceb363304ed38a7c4b1b4fd39b4e9ba3b619e","/assets/images/backgrounds/gift-2.png":"fa3081bbc5b5cdcb1d33642f63889f8649a53231047924c9f521f7d8dbfd0443","/assets/images/backgrounds/footer.png":"e7e135c712638da219cfd56c8b1acb4a3db023632bb0a30e017ee6685f73a2f5","/assets/images/backgrounds/footer-bg1.png":"25a1f2f3ff63bb753b8399d8c06ac4b38696933a1ef0540481efde985cf5eda7","/assets/images/backgrounds/fancy-line.png":"345dd073c865cdd0091f14d252dfc60c26392c11d40cdd3cbe0a5b81b57bb7fa","/assets/images/backgrounds/elements9.png":"85ae6f90ac05e0e29fedc30969cc69f36ca891ef8d7bd02d2dfc10f23815e48e","/assets/images/backgrounds/elements7.png":"709c10d1a272221bbec6b57b5733bfd6c149495a6b0579bb54ec7017f67c5772","/assets/images/backgrounds/elements46.png":"6f9cc6049bf60701ddc9754bf46966841605a579e4d93fc52a202cb6ef018a7a","/assets/images/backgrounds/elements42.png":"39a0fda26420089d46ec2a6a359107ce254b265f657c95973eda0192a7d0cf2a","/assets/images/backgrounds/elements41.png":"1d86466363eef424bfde86b0a317cc8b796c34024317b137cc08cf75317c5ec8","/assets/images/backgrounds/elements33.png":"3ca606dfdc141bd977cafcdb9b2876a6a2a170c427346792c6c4233e8aeb86d2","/assets/images/backgrounds/dust-gold-hi.png":"141d716516ccf9dabe60771c66994684f13498b8ea7baa0114f18ed8e04c4d60","/assets/images/backgrounds/cloud-bg.svg":"8fc5063d411e5334188255181d86342b526321e2b9b3d8cb0fd7eb89e20efb7d","/assets/images/about/about.jpg":"0b56afe3fb33c0d0d8111f44183cc523058addf4401a1072df02bee805931166","/assets/images/about/about-3.jpg":"ccd0b0e56c158688adabaeea40c2431b3b39e71916f5bbfa8fde2059ca7e22d1","/assets/images/about/about-2.jpg":"ce56b79a253f8c94f0164c769a69e75b37cd5d54e49583c54ba66602e9ea8eee","/assets/i18n/fr/visaGiftCards.json":"e47179cdf43f3a4d526b9aed927bc90aad5ecdeb98a69b63161076f08d2a1923","/assets/i18n/fr/termsConditions.json":"826c36c385924ce1bd4c04606bcae24b236141d6d439546a419acebad0b079ea","/assets/i18n/fr/roothome.json":"7cfdc155bde08e8c098a2a4296a975f0827e820c933d6d9451b6f0cf61368260","/assets/i18n/fr/privacyPolicy.json":"f1dd36915bcddcba200f73487d8381c72a92eab17aadf7f37d0d05f115fe1a25","/assets/i18n/fr/personalInformation.json":"79f36944e2e372830d09e1dd7de810fce37f438fc13c92dcc82b4348ffabcf88","/assets/i18n/fr/paypalGiftCards.json":"4575181f11d85d7c8cb6f2d27ae61c6e77b89db8149ab443a6ab8d0950099bc7","/assets/i18n/fr/help.json":"a628a5d8a1c69bd00a130701400dc270b0287dc390f07f4fee76d84e6df85018","/assets/i18n/fr/header.json":"674248018fd5a518bc899ae2ebda19056aaa46768e9f9ed772027c8d4fa52339","/assets/i18n/fr/giftCardSurveys.json":"5b4dc61dcd2d46f17db936995dd29c4ba944ce5422f88c1d641f8f008bdf1a02","/assets/i18n/fr/footer.json":"79c97c89549f4174aa9411075c05d6a996f201c8ae67bb3e442cdab2dc9ef5a3","/assets/i18n/fr/faq.json":"57deeedf65ca8dc1e6f48afabb96dadbf75ae371b8ba7a1069ce9889babb17b5","/assets/i18n/fr/contact.json":"9a259c8ccd9e55c888009b9a8d6e1fb58ddb0055c0cb06afd05652941db8672f","/assets/i18n/fr/common.json":"46b50c321b39e89a491b6727a01628c34245605a30beb3e7414c5e01cff90e6e","/assets/i18n/fr/cashSurveys.json":"ba15515dfa8995b23dbd1e953c58d8c56d4f10bf53a9d7d4acdbb729e13a5ab9","/assets/i18n/fr/amazonGiftCard.json":"d0510ec58c29cbb784e7ea40bd4deaf4bfa8d33ea4bca945c23c61b765efe708","/assets/i18n/fr/about.json":"b45be734a51ae8dd39a04194a1044f9261f24e375219a155b4c5245aee79b634","/assets/i18n/es/visaGiftCards.json":"82f98beb2ceec8257c7b84a0a3c84a65629a6757256eecd2b9fadadca7ac5637","/assets/i18n/es/termsConditions.json":"0f3bb99a37e2ecc1036e9696b27ac3ecebd54dac60d7e2ca239b098855c7b7bf","/assets/i18n/es/roothome.json":"cc3c2201442a062c7ada04db87cfd6ead883213cdd08e1084d31de6be1a57f68","/assets/i18n/es/privacyPolicy.json":"e90b49e4c1a0df7c2babb26324a2a0ba505f45413fbe54057798f3e7e5327fd2","/assets/i18n/es/personalInformation.json":"0db4e936743a7873ee31b317f70a0312c197a685e1d94e90522574b8b616d417","/assets/i18n/es/paypalGiftCards.json":"f1947a454e335f4e0fc7fbb4a424cd9683f8a6afd0c09bf159690a22209f549f","/assets/i18n/es/help.json":"258ef3a8f9a1130f064aca8ff35ed5a4a6357658962cee9e9c68e2ecfe8e829a","/assets/i18n/es/header.json":"e3b842a54c7dde30968a55c185e723a9cab9a6e5142d9bbc535f01ca8d69e156","/assets/i18n/es/giftCardSurveys.json":"5b4dc61dcd2d46f17db936995dd29c4ba944ce5422f88c1d641f8f008bdf1a02","/assets/i18n/es/footer.json":"0b9cbb58bfff435ba51c16916f8cff00a7adf60c23a42bec954627fe50635a99","/assets/i18n/es/faq.json":"d692f60fc1dab545b0443df6aa79686af1c1e7b3df02e4bd5234500ff62a66a7","/assets/i18n/es/contact.json":"8a7af987c0559b0d61e5b094256196458b2b269b5509b3ff0830a7bb231eb867","/assets/i18n/es/common.json":"46b50c321b39e89a491b6727a01628c34245605a30beb3e7414c5e01cff90e6e","/assets/i18n/es/cashSurveys.json":"74ecbb52ebee521003c29deaaac7eb1a81558d997f1e2e44b465433c9e9db99a","/assets/i18n/es/auth.json":"20d977e05f6eb88b6097de8c377a063e1ffe970aff2aa9ebf7057e55ad7c1007","/assets/i18n/es/amazonGiftCard.json":"328d4793f1f672fb3cf6b7d5efbe9c6187309304a8010c87af049d059f87d392","/assets/i18n/es/about.json":"edb554d2ae1281ace394ecf45f3159c6c7b4471b0e1117823bdc364490c63856","/assets/i18n/en/visaGiftCards.json":"8fe4861e852848121fabb20c9699f23a36a07a754cd3823ac744a96dec87a12c","/assets/i18n/en/termsConditions.json":"3a19d0d19cdbeca43e8dfc61ce140574e82d3187850fed7e8beb7998d78215a3","/assets/i18n/en/roothome.json":"0520ff8ed664e47514de2825841f43109030e5e75ff572fe634b0072a0614e34","/assets/i18n/en/refer.json":"2fbb086b4bf1dad7ab27a9c0d3fbdd64aa29718b5edf4c639aeb1219579a4459","/assets/i18n/en/profile.json":"dcb6751aa32932f450120bee114d31c1e412aea269416615b85c4434d29f1a48","/assets/i18n/en/privacyPolicy.json":"300e15652fb383bdd88218135258a81fefcf49adef88f200685cd33d7ead1e67","/assets/i18n/en/personalInformation.json":"3f08354d941022883d8c524b2eab36b7fd5c0c483536e9a2aed212f8f314f4a8","/assets/i18n/en/paypalGiftCards.json":"fd87189ae066919abd1c9e4edfe77954c9be6335528bc896b637786f262cbce9","/assets/i18n/en/help.json":"4b12d3833b7641460b30488292f24507be80f3bd5e95dffe1a5ad9144643c1ca","/assets/i18n/en/header.json":"e70d0ce84aaf18e79a762c1abe6c85690b8c838d78919940e75361004191bfec","/assets/i18n/en/giftCardSurveys.json":"0aaf2251669abcf807fd6b1963158e83ac8be0e0ecd7bf9eac82fd9010bb5282","/assets/i18n/en/footer.json":"df13d434fb62749adc6c5a83acbb1e1014ed56da79a461018bd90cc50a316c20","/assets/i18n/en/faq.json":"ff81ad178b2be80270214841068ea66bb1bab31e7675e73a26da42b15cbfd0c8","/assets/i18n/en/contact.json":"236176fc348cc94d25aeb6b8ae07f375cbc633e3e8de142ae705fa3b6105052f","/assets/i18n/en/common.json":"7565b2c961d1fe8b76d7d8191cec6ff796b8b09b4f02165fcc126d7f20c04c26","/assets/i18n/en/cashSurveys.json":"23d0fb35752f6fe5b920a82289c170bd1919addc797496a299d1461a8d49571a","/assets/i18n/en/auth.json":"bb7619d69553188bb5e4fbb6c6b28d93ff588bfbda7097fc3b70d8866beecdae","/assets/i18n/en/amazonGiftCard.json":"437e383dae2137c1bcbe5b33d005b802dc89a7d9f8d893e92964753bdebc59b5","/assets/i18n/en/about.json":"5c6889384ba1dbbdb3fabccb20fa4aa2b2b1d4ae2c24a1883484b8f10b8f47a5","/assets/i18n/de/visaGiftCards.json":"b4865ef98e053d93cd9498ba563bdcd456dc4232def7480a9f88a1e0484b22f0","/assets/i18n/de/termsConditions.json":"3d0576edca3c6536eb28d3ba7da0eefe38ed6c140680ecd2076abd361be80f7a","/assets/i18n/de/roothome.json":"919dc46999e2812340599239b31ce45690a48e6c04383beca15ca973ea47dfeb","/assets/i18n/de/privacyPolicy.json":"0b904fa10d8a4f78815a60d6653f70ac1591a7212c0278a677efa0bdbc6d0eb9","/assets/i18n/de/personalInformation.json":"1d5344185877623862fbd578fade0bdfa30517cc61c0a717e9bdc4e0c318d055","/assets/i18n/de/paypalGiftCards.json":"eb352e9417491ba9f6b0bbaba22ac727e4aa25aeecdb0d1489682302419d9112","/assets/i18n/de/help.json":"9b00e703f66b363a639b0fddf3bc2d380b1af3fb4fd412a574e4f38267e76f99","/assets/i18n/de/header.json":"edf768436c246be7ad3a3543a95c8f0b8de94ca6db55903a0ff074f77bda2a0f","/assets/i18n/de/giftCardSurveys.json":"dfd0930848a9ffc8624aef92aa60a5fd12ce1d84e5b5aff9988c68753b166c10","/assets/i18n/de/footer.json":"b2cf3b0fad7eb16b597c93bb2d9e3b28a51691b084a9836e5870c4c13466a3bc","/assets/i18n/de/faq.json":"1832919123db3c38872eb7ee1e30c56ea29fd8fc83573d43a3f341eb7a73568e","/assets/i18n/de/contact.json":"2563179a161019ff29b221e3c022e296de74deb0d914a4cd9ff213e517edd69f","/assets/i18n/de/cashSurveys.json":"20265848007e70e8a3624248dd67d9719de23f0b22b703b3264ac857e17b632c","/assets/i18n/de/amazonGiftCard.json":"1445250b4df16d451177200ce843d3e841ca244504a0926299a3aa3230e333e2","/assets/i18n/de/about.json":"492babb8abe6dc2bfd5d4486ccac6abe914ef7558cb18bf3749852765f9f05cf","/index.csr.html":"073b48713da9eaf5f88cb45974d6d6436ca834e1dca75521a77405202803c8bc","/chunk-X2BDDQK6.js":"be38046b75e321d3efa055096554d5bc2a526c5cd6148bd63f8e6a6b98a54b54","/chunk-WZ3KQQL5.js":"e14fa916ebb32e7ecf1f82ad5f711b5a4f5256ca468c7391154b71b48b65a89d","/chunk-WYQUDHZ3.js":"2217800f545d32896d205baf2b6493a22fbb93b455f7c95b21de6e4818c0242d","/chunk-VE7MVYBQ.js":"2d1bb74633a0cf51ee648d246c69cbe8e9cb5b3c91c1ae62ac7af6872222c633","/chunk-VJ4B2YXE.js":"e8c512391413f9b2ec505fd622eef2913547a4ff247880fb63503b6ff4ecec6e","/chunk-SNVFVFIU.js":"7f2ccb28af699f91e9cf19c8d55b2df46731f1378d454468a9e64d1ba5c3032d","/chunk-SMXRYL4M.js":"197c6b65a4122390c82a26d0eb30f780c5d4ca80fa10c4223bfe79675c68416b","/chunk-SJOLFYCD.js":"7505add93d6483e8889a2ff95ed0032d84787863938c0db3ca0e8fdd754f22d9","/chunk-SF5JBTBQ.js":"5998faca0b92d6711c7888a34f5aee40163d8a6d6e7af1494a8cd421aaf036fa","/chunk-SA72M5FL.js":"fcf9f4f37ae250233e150df64622bffa8635e01d25374c1e3f47a3961b9c9e3b","/chunk-Q4FQZQXG.js":"00dc785a788544467e3dabe0d97c7ba03b2415e702cfe5752dbb595496bdf05e","/chunk-QJ7BURV6.js":"8247f644537b01fa52e53fbcb2eba8027e69bc9094abe9b481643810e3bbb240","/chunk-PKPCEB63.js":"87043255f8182effa599f74b0bcf81b9c476358eeb4a529e515275fdb9b24160","/chunk-PF65MTHZ.js":"79de510209f7aa96f1d2df2e17d9ccd1cf547ae4ba4bbc988a05d0dfbda36bfd","/chunk-P5PQJKSH.js":"0eec781ed57821da26e7540e81c8822a863609086fd2e33495cd5b316af14a85","/chunk-O56A7LHY.js":"8414899a98493460662c4fddaf17c583e3733ae176aae485061c54ba51a8206c","/chunk-NWJDEJHC.js":"abc1d1cb3b60449bcd6ed5daaa95a187a0cf08d7a96a2036201315e5389c329c","/chunk-N52NT6HQ.js":"f8b04854e3d4f00e6a18363f650bf09794c08dbed7ff8033b5ff47b919435dba","/chunk-N22MTJZE.js":"239c106fb08725f4bb3f698c791f70674731d731a3e27f0e5ce8fffebad84cf6","/chunk-MV6D7G5W.js":"222fd05a13f00c3d5410eca6c02089e3b6ff11a858a5ce5db58231a036317b82","/chunk-LMIED5W5.js":"d12bc0600fb740fb678e5e3e980385c5792b8f9d971c8bcb0a75dae47fa175c4","/chunk-LHNZ6IFB.js":"bc5fcd22ababcaf5ddcb5de75610aab06238f68e234bc6859e190e167ec0b12e","/chunk-J5TNDW7E.js":"bc622d63550a276ee0ae5528eb8d21a4be3cfd15ae5a4c05c50ad2b2f2da6f4b","/chunk-IIZ2WIAL.js":"b22a533859e868b05fac408cd3c550a518457a83bc5a11cf4c08b00c04add7f2","/chunk-HWXSVGBS.js":"33d1aa4904913761d21e908d93a17421d2e954163f72d922ad1c05f73c04aa08","/chunk-HRDKJB2H.js":"6ac22ce0c68c62f8059de10a31424e3a3103f5d38da5dafdbb0a4352f2b9bd45","/chunk-HKEIFUDI.js":"c9160be8ee083833490827c9a87ac6d14b54d365011007d9cc04ecab7e18f070","/chunk-HQEQLPSS.js":"380cdbf481eafa7ea900c1b591c3d4c82f3d8cbba215c1f69c74163a9a4d52c6","/chunk-FSMPE32W.js":"bb06cc7b125271948a03ee28665d381b9e9a90be0df04ebe4cb45e472043b1ba","/chunk-F3TCV5SF.js":"1d3828d8219d512c5cea1681388004309cbdbb6a86dc1fe30f5f74f4a314b610","/chunk-FARDM4HT.js":"1811bfc43d2b1d77ca84f47fe5b5d4e558051e03ac6eef85db2c61896fa6b31c","/chunk-DYI7M37C.js":"d5cd97dc100bae4f30a8a0a840cfa8657cb38c41c4e9d47d246225cb5bf01797","/chunk-DIHJXEA7.js":"a3e97d3d1aebd5b15e5bab95eb8a36968034a4fabb7b4c3d2c4b7466066197e1","/chunk-CPICFPR4.js":"67d673c25876ec5166badff5334eaa7de6a9bdb8958795727f5c8898ff21bfcc","/chunk-ETQKHFFT.js":"6f8390e07f79267fd7e194678a037cdb1815119e30529ca80b5dae85bbd111b7","/chunk-IXAJ63BH.js":"fec4d74bfd5c0ad63501a1045ce89b262f6bf569e08ed4e7d6d6a6619ff6905a","/chunk-6RB4VUJK.js":"ae75412bdba03cd7a1b3930f111e25f62bf0ac1d90328b688db7a5400e2dbeab","/chunk-35KQCA6R.js":"87cd4b13958fdcdbbd02e2d6c258cd1d524e4cc2d8fe8f974ae3b2f72bb2ed63","/styles-YL5O3FBM.css":"de78c736f9199b08aafb2a27d538aba7c771927183d4464187c19bc799e719d3","/chunk-JF6QWUZB.js":"7c60c530c0caf8b04f5797339835751d8c305e094aeb309e9a430e17a4144475","/chunk-AKVUT3AP.js":"4e4736fcc16223323bccf796b18f2f1bc2f828e8d066ad5a5b405bd96b6d2933","/chunk-YCC5BGUU.js":"f91b6681351cf8f7b5d1618e14864d3fc5daf5a1efbbf5833982b8eae721e71b","/chunk-2FWII23X.js":"28fe78ee75ced9bac6b993ddd0d985d2f0b86b2579aaf975a8b99845d09a74e3","/chunk-YE4JQSK3.js":"e8abe13cbcf1d61e143d42b0b8e8f3fa516181fcdefa62bdac706223830c4e0c","/chunk-PETUBRGW.js":"f5e21b124e986d57a095c20f5ad2f9e295ff20fcfc1a446b31e920098bb76f25","/media/download-ULFMDIWL.png":"896ce20438e92aded47bce3e25fa2c5597ad1f4530ccd60a03a438596344f5fd","/chunk-2WVZSZJG.js":"8d26c326789640d81370f02c1e48f118bf94e7611709751a0f21d187c4345900","/main-3M4I4SKR.js":"8bfd5da7643542681f7e917411d454e62747b57fb3346cc69856406de055c989"}}
[debug] [2025-07-24T09:25:47.940Z] <<< [apiv2][status] POST https://firebasehosting.googleapis.com/v1beta1/projects/988754056043/sites/visionpaidsurvey/versions/f7528f51e81d9ae3:populateFiles 200
[debug] [2025-07-24T09:25:47.941Z] <<< [apiv2][body] POST https://firebasehosting.googleapis.com/v1beta1/projects/988754056043/sites/visionpaidsurvey/versions/f7528f51e81d9ae3:populateFiles {"uploadUrl":"https://upload-firebasehosting.googleapis.com/upload/sites/visionpaidsurvey/versions/f7528f51e81d9ae3/files"}
[debug] [2025-07-24T09:25:47.942Z] [hosting][populate queue][FINAL] {"max":1443,"min":1443,"avg":1443,"active":0,"complete":1,"success":1,"errored":0,"retried":0,"total":1,"elapsed":1443}
[debug] [2025-07-24T09:25:47.942Z] [hosting] uploads queued: 0
[debug] [2025-07-24T09:25:47.943Z] [hosting][upload queue][FINAL] {"max":0,"min":9999999999,"avg":0,"active":0,"complete":0,"success":0,"errored":0,"retried":0,"total":0,"elapsed":1753349147943}
[info] +  hosting[visionpaidsurvey]: file upload complete 
[debug] [2025-07-24T09:25:47.947Z] [hosting] deploy completed after 1803ms
[info] i  functions: updating Node.js 22 (2nd Gen) function ssr(us-central1)... 
[debug] [2025-07-24T09:25:47.964Z] Checked if tokens are valid: true, expires at: 1753350630557
[debug] [2025-07-24T09:25:47.964Z] Checked if tokens are valid: true, expires at: 1753350630557
[debug] [2025-07-24T09:25:47.965Z] >>> [apiv2][query] PATCH https://cloudfunctions.googleapis.com/v2/projects/visionpaidsurvey/locations/us-central1/functions/ssr updateMask=name%2CbuildConfig.runtime%2CbuildConfig.entryPoint%2CbuildConfig.source.storageSource.bucket%2CbuildConfig.source.storageSource.object%2CbuildConfig.environmentVariables%2CbuildConfig.sourceToken%2CserviceConfig.environmentVariables%2CserviceConfig.ingressSettings%2CserviceConfig.timeoutSeconds%2CserviceConfig.serviceAccountEmail%2CserviceConfig.availableMemory%2CserviceConfig.minInstanceCount%2CserviceConfig.maxInstanceCount%2CserviceConfig.maxInstanceRequestConcurrency%2CserviceConfig.availableCpu%2CserviceConfig.vpcConnector%2CserviceConfig.vpcConnectorEgressSettings%2Clabels
[debug] [2025-07-24T09:25:47.966Z] >>> [apiv2][body] PATCH https://cloudfunctions.googleapis.com/v2/projects/visionpaidsurvey/locations/us-central1/functions/ssr {"name":"projects/visionpaidsurvey/locations/us-central1/functions/ssr","buildConfig":{"runtime":"nodejs22","entryPoint":"ssr","source":{"storageSource":{"bucket":"gcf-v2-uploads-988754056043.us-central1.cloudfunctions.appspot.com","object":"95637bd4-98ad-4d48-ad6b-c23bcec1331b.zip"}},"environmentVariables":{"GOOGLE_NODE_RUN_SCRIPTS":""}},"serviceConfig":{"environmentVariables":{"FIREBASE_CONFIG":"{\"projectId\":\"visionpaidsurvey\",\"storageBucket\":\"visionpaidsurvey.firebasestorage.app\"}","GCLOUD_PROJECT":"visionpaidsurvey","EVENTARC_CLOUD_EVENT_SOURCE":"projects/visionpaidsurvey/locations/us-central1/services/ssr","FUNCTION_TARGET":"ssr","LOG_EXECUTION_ID":"true"},"ingressSettings":null,"timeoutSeconds":null,"serviceAccountEmail":null,"availableMemory":"256Mi","minInstanceCount":null,"maxInstanceCount":10,"maxInstanceRequestConcurrency":80,"availableCpu":"1","vpcConnector":null,"vpcConnectorEgressSettings":null},"labels":{"deployment-tool":"cli-firebase","firebase-functions-hash":"befaa356c92a82e2f841c8c962dce59fe309f2d8"}}
[debug] [2025-07-24T09:25:50.017Z] <<< [apiv2][status] PATCH https://cloudfunctions.googleapis.com/v2/projects/visionpaidsurvey/locations/us-central1/functions/ssr 200
[debug] [2025-07-24T09:25:50.017Z] <<< [apiv2][body] PATCH https://cloudfunctions.googleapis.com/v2/projects/visionpaidsurvey/locations/us-central1/functions/ssr {"name":"projects/visionpaidsurvey/locations/us-central1/operations/operation-1753349148428-63aa96928c91e-ea314d68-6b578ea6","metadata":{"@type":"type.googleapis.com/google.cloud.functions.v2.OperationMetadata","createTime":"2025-07-24T09:25:49.138029327Z","target":"projects/visionpaidsurvey/locations/us-central1/functions/ssr","verb":"update","cancelRequested":false,"apiVersion":"v2"},"done":false}
[debug] [2025-07-24T09:25:50.018Z] Checked if tokens are valid: true, expires at: 1753350630557
[debug] [2025-07-24T09:25:50.018Z] Checked if tokens are valid: true, expires at: 1753350630557
[debug] [2025-07-24T09:25:50.019Z] >>> [apiv2][query] GET https://cloudfunctions.googleapis.com/v2/projects/visionpaidsurvey/locations/us-central1/operations/operation-1753349148428-63aa96928c91e-ea314d68-6b578ea6 [none]
[debug] [2025-07-24T09:25:50.373Z] <<< [apiv2][status] GET https://cloudfunctions.googleapis.com/v2/projects/visionpaidsurvey/locations/us-central1/operations/operation-1753349148428-63aa96928c91e-ea314d68-6b578ea6 200
[debug] [2025-07-24T09:25:50.373Z] <<< [apiv2][body] GET https://cloudfunctions.googleapis.com/v2/projects/visionpaidsurvey/locations/us-central1/operations/operation-1753349148428-63aa96928c91e-ea314d68-6b578ea6 {"name":"projects/visionpaidsurvey/locations/us-central1/operations/operation-1753349148428-63aa96928c91e-ea314d68-6b578ea6","metadata":{"@type":"type.googleapis.com/google.cloud.functions.v2.OperationMetadata","createTime":"2025-07-24T09:25:49.138029327Z","target":"projects/visionpaidsurvey/locations/us-central1/functions/ssr","verb":"update","cancelRequested":false,"apiVersion":"v2","requestResource":{"@type":"type.googleapis.com/google.cloud.functions.v2.Function","name":"projects/visionpaidsurvey/locations/us-central1/functions/ssr","buildConfig":{"runtime":"nodejs22","entryPoint":"ssr","source":{"storageSource":{"bucket":"gcf-v2-sources-988754056043-us-central1","object":"ssr/function-source.zip","generation":"1753349149074993"}},"environmentVariables":{"GOOGLE_NODE_RUN_SCRIPTS":""},"dockerRepository":"projects/visionpaidsurvey/locations/us-central1/repositories/gcf-artifacts","serviceAccount":"projects/visionpaidsurvey/serviceAccounts/988754056043-compute@developer.gserviceaccount.com","automaticUpdatePolicy":{}},"serviceConfig":{"service":"projects/visionpaidsurvey/locations/us-central1/services/ssr","timeoutSeconds":60,"environmentVariables":{"FIREBASE_CONFIG":"{\"projectId\":\"visionpaidsurvey\",\"storageBucket\":\"visionpaidsurvey.firebasestorage.app\"}","GCLOUD_PROJECT":"visionpaidsurvey","EVENTARC_CLOUD_EVENT_SOURCE":"projects/visionpaidsurvey/locations/us-central1/services/ssr","FUNCTION_TARGET":"ssr","LOG_EXECUTION_ID":"true"},"maxInstanceCount":10,"ingressSettings":"ALLOW_ALL","uri":"https://ssr-xy4tu5wnxa-uc.a.run.app","serviceAccountEmail":"988754056043-compute@developer.gserviceaccount.com","availableMemory":"256Mi","allTrafficOnLatestRevision":true,"revision":"ssr-00005-zeg","maxInstanceRequestConcurrency":80,"availableCpu":"1"},"state":"ACTIVE","labels":{"deployment-tool":"cli-firebase","firebase-functions-hash":"befaa356c92a82e2f841c8c962dce59fe309f2d8"},"environment":"GEN_2","url":"https://us-central1-visionpaidsurvey.cloudfunctions.net/ssr","satisfiesPzi":true},"stages":[{"name":"BUILD","state":"NOT_STARTED"},{"name":"SERVICE","state":"NOT_STARTED"}],"operationType":"UPDATE_FUNCTION"},"done":false}
[debug] [2025-07-24T09:25:50.879Z] [update-default-us-central1-ssr] Retrying task index 0
[debug] [2025-07-24T09:25:50.880Z] Checked if tokens are valid: true, expires at: 1753350630557
[debug] [2025-07-24T09:25:50.881Z] Checked if tokens are valid: true, expires at: 1753350630557
[debug] [2025-07-24T09:25:50.882Z] >>> [apiv2][query] GET https://cloudfunctions.googleapis.com/v2/projects/visionpaidsurvey/locations/us-central1/operations/operation-1753349148428-63aa96928c91e-ea314d68-6b578ea6 [none]
[debug] [2025-07-24T09:25:52.219Z] <<< [apiv2][status] GET https://cloudfunctions.googleapis.com/v2/projects/visionpaidsurvey/locations/us-central1/operations/operation-1753349148428-63aa96928c91e-ea314d68-6b578ea6 200
[debug] [2025-07-24T09:25:52.220Z] <<< [apiv2][body] GET https://cloudfunctions.googleapis.com/v2/projects/visionpaidsurvey/locations/us-central1/operations/operation-1753349148428-63aa96928c91e-ea314d68-6b578ea6 {"name":"projects/visionpaidsurvey/locations/us-central1/operations/operation-1753349148428-63aa96928c91e-ea314d68-6b578ea6","metadata":{"@type":"type.googleapis.com/google.cloud.functions.v2.OperationMetadata","createTime":"2025-07-24T09:25:49.138029327Z","target":"projects/visionpaidsurvey/locations/us-central1/functions/ssr","verb":"update","cancelRequested":false,"apiVersion":"v2","requestResource":{"@type":"type.googleapis.com/google.cloud.functions.v2.Function","name":"projects/visionpaidsurvey/locations/us-central1/functions/ssr","buildConfig":{"runtime":"nodejs22","entryPoint":"ssr","source":{"storageSource":{"bucket":"gcf-v2-sources-988754056043-us-central1","object":"ssr/function-source.zip","generation":"1753349149074993"}},"environmentVariables":{"GOOGLE_NODE_RUN_SCRIPTS":""},"dockerRepository":"projects/visionpaidsurvey/locations/us-central1/repositories/gcf-artifacts","serviceAccount":"projects/visionpaidsurvey/serviceAccounts/988754056043-compute@developer.gserviceaccount.com","automaticUpdatePolicy":{}},"serviceConfig":{"service":"projects/visionpaidsurvey/locations/us-central1/services/ssr","timeoutSeconds":60,"environmentVariables":{"FIREBASE_CONFIG":"{\"projectId\":\"visionpaidsurvey\",\"storageBucket\":\"visionpaidsurvey.firebasestorage.app\"}","GCLOUD_PROJECT":"visionpaidsurvey","EVENTARC_CLOUD_EVENT_SOURCE":"projects/visionpaidsurvey/locations/us-central1/services/ssr","FUNCTION_TARGET":"ssr","LOG_EXECUTION_ID":"true"},"maxInstanceCount":10,"ingressSettings":"ALLOW_ALL","uri":"https://ssr-xy4tu5wnxa-uc.a.run.app","serviceAccountEmail":"988754056043-compute@developer.gserviceaccount.com","availableMemory":"256Mi","allTrafficOnLatestRevision":true,"revision":"ssr-00005-zeg","maxInstanceRequestConcurrency":80,"availableCpu":"1"},"state":"ACTIVE","labels":{"deployment-tool":"cli-firebase","firebase-functions-hash":"befaa356c92a82e2f841c8c962dce59fe309f2d8"},"environment":"GEN_2","url":"https://us-central1-visionpaidsurvey.cloudfunctions.net/ssr","satisfiesPzi":true},"stages":[{"name":"BUILD","message":"Build in progress","state":"IN_PROGRESS","resource":"projects/988754056043/locations/us-central1/builds/a9b9ea15-f546-45e1-9c8f-3bbd0d27df48","resourceUri":"https://console.cloud.google.com/cloud-build/builds;region=us-central1/a9b9ea15-f546-45e1-9c8f-3bbd0d27df48?project=988754056043"},{"name":"SERVICE","state":"NOT_STARTED"}],"operationType":"UPDATE_FUNCTION","buildName":"projects/988754056043/locations/us-central1/builds/a9b9ea15-f546-45e1-9c8f-3bbd0d27df48"},"done":false}
[debug] [2025-07-24T09:25:53.229Z] [update-default-us-central1-ssr] Retrying task index 0
[debug] [2025-07-24T09:25:53.229Z] Checked if tokens are valid: true, expires at: 1753350630557
[debug] [2025-07-24T09:25:53.230Z] Checked if tokens are valid: true, expires at: 1753350630557
[debug] [2025-07-24T09:25:53.230Z] >>> [apiv2][query] GET https://cloudfunctions.googleapis.com/v2/projects/visionpaidsurvey/locations/us-central1/operations/operation-1753349148428-63aa96928c91e-ea314d68-6b578ea6 [none]
[debug] [2025-07-24T09:25:54.562Z] <<< [apiv2][status] GET https://cloudfunctions.googleapis.com/v2/projects/visionpaidsurvey/locations/us-central1/operations/operation-1753349148428-63aa96928c91e-ea314d68-6b578ea6 200
[debug] [2025-07-24T09:25:54.562Z] <<< [apiv2][body] GET https://cloudfunctions.googleapis.com/v2/projects/visionpaidsurvey/locations/us-central1/operations/operation-1753349148428-63aa96928c91e-ea314d68-6b578ea6 {"name":"projects/visionpaidsurvey/locations/us-central1/operations/operation-1753349148428-63aa96928c91e-ea314d68-6b578ea6","metadata":{"@type":"type.googleapis.com/google.cloud.functions.v2.OperationMetadata","createTime":"2025-07-24T09:25:49.138029327Z","target":"projects/visionpaidsurvey/locations/us-central1/functions/ssr","verb":"update","cancelRequested":false,"apiVersion":"v2","requestResource":{"@type":"type.googleapis.com/google.cloud.functions.v2.Function","name":"projects/visionpaidsurvey/locations/us-central1/functions/ssr","buildConfig":{"runtime":"nodejs22","entryPoint":"ssr","source":{"storageSource":{"bucket":"gcf-v2-sources-988754056043-us-central1","object":"ssr/function-source.zip","generation":"1753349149074993"}},"environmentVariables":{"GOOGLE_NODE_RUN_SCRIPTS":""},"dockerRepository":"projects/visionpaidsurvey/locations/us-central1/repositories/gcf-artifacts","serviceAccount":"projects/visionpaidsurvey/serviceAccounts/988754056043-compute@developer.gserviceaccount.com","automaticUpdatePolicy":{}},"serviceConfig":{"service":"projects/visionpaidsurvey/locations/us-central1/services/ssr","timeoutSeconds":60,"environmentVariables":{"FIREBASE_CONFIG":"{\"projectId\":\"visionpaidsurvey\",\"storageBucket\":\"visionpaidsurvey.firebasestorage.app\"}","GCLOUD_PROJECT":"visionpaidsurvey","EVENTARC_CLOUD_EVENT_SOURCE":"projects/visionpaidsurvey/locations/us-central1/services/ssr","FUNCTION_TARGET":"ssr","LOG_EXECUTION_ID":"true"},"maxInstanceCount":10,"ingressSettings":"ALLOW_ALL","uri":"https://ssr-xy4tu5wnxa-uc.a.run.app","serviceAccountEmail":"988754056043-compute@developer.gserviceaccount.com","availableMemory":"256Mi","allTrafficOnLatestRevision":true,"revision":"ssr-00005-zeg","maxInstanceRequestConcurrency":80,"availableCpu":"1"},"state":"ACTIVE","labels":{"deployment-tool":"cli-firebase","firebase-functions-hash":"befaa356c92a82e2f841c8c962dce59fe309f2d8"},"environment":"GEN_2","url":"https://us-central1-visionpaidsurvey.cloudfunctions.net/ssr","satisfiesPzi":true},"stages":[{"name":"BUILD","message":"Build in progress","state":"IN_PROGRESS","resource":"projects/988754056043/locations/us-central1/builds/a9b9ea15-f546-45e1-9c8f-3bbd0d27df48","resourceUri":"https://console.cloud.google.com/cloud-build/builds;region=us-central1/a9b9ea15-f546-45e1-9c8f-3bbd0d27df48?project=988754056043"},{"name":"SERVICE","state":"NOT_STARTED"}],"operationType":"UPDATE_FUNCTION","buildName":"projects/988754056043/locations/us-central1/builds/a9b9ea15-f546-45e1-9c8f-3bbd0d27df48"},"done":false}
[debug] [2025-07-24T09:25:56.574Z] [update-default-us-central1-ssr] Retrying task index 0
[debug] [2025-07-24T09:25:56.575Z] Checked if tokens are valid: true, expires at: 1753350630557
[debug] [2025-07-24T09:25:56.575Z] Checked if tokens are valid: true, expires at: 1753350630557
[debug] [2025-07-24T09:25:56.576Z] >>> [apiv2][query] GET https://cloudfunctions.googleapis.com/v2/projects/visionpaidsurvey/locations/us-central1/operations/operation-1753349148428-63aa96928c91e-ea314d68-6b578ea6 [none]
[debug] [2025-07-24T09:25:57.937Z] <<< [apiv2][status] GET https://cloudfunctions.googleapis.com/v2/projects/visionpaidsurvey/locations/us-central1/operations/operation-1753349148428-63aa96928c91e-ea314d68-6b578ea6 200
[debug] [2025-07-24T09:25:57.938Z] <<< [apiv2][body] GET https://cloudfunctions.googleapis.com/v2/projects/visionpaidsurvey/locations/us-central1/operations/operation-1753349148428-63aa96928c91e-ea314d68-6b578ea6 {"name":"projects/visionpaidsurvey/locations/us-central1/operations/operation-1753349148428-63aa96928c91e-ea314d68-6b578ea6","metadata":{"@type":"type.googleapis.com/google.cloud.functions.v2.OperationMetadata","createTime":"2025-07-24T09:25:49.138029327Z","target":"projects/visionpaidsurvey/locations/us-central1/functions/ssr","verb":"update","cancelRequested":false,"apiVersion":"v2","requestResource":{"@type":"type.googleapis.com/google.cloud.functions.v2.Function","name":"projects/visionpaidsurvey/locations/us-central1/functions/ssr","buildConfig":{"runtime":"nodejs22","entryPoint":"ssr","source":{"storageSource":{"bucket":"gcf-v2-sources-988754056043-us-central1","object":"ssr/function-source.zip","generation":"1753349149074993"}},"environmentVariables":{"GOOGLE_NODE_RUN_SCRIPTS":""},"dockerRepository":"projects/visionpaidsurvey/locations/us-central1/repositories/gcf-artifacts","serviceAccount":"projects/visionpaidsurvey/serviceAccounts/988754056043-compute@developer.gserviceaccount.com","automaticUpdatePolicy":{}},"serviceConfig":{"service":"projects/visionpaidsurvey/locations/us-central1/services/ssr","timeoutSeconds":60,"environmentVariables":{"FIREBASE_CONFIG":"{\"projectId\":\"visionpaidsurvey\",\"storageBucket\":\"visionpaidsurvey.firebasestorage.app\"}","GCLOUD_PROJECT":"visionpaidsurvey","EVENTARC_CLOUD_EVENT_SOURCE":"projects/visionpaidsurvey/locations/us-central1/services/ssr","FUNCTION_TARGET":"ssr","LOG_EXECUTION_ID":"true"},"maxInstanceCount":10,"ingressSettings":"ALLOW_ALL","uri":"https://ssr-xy4tu5wnxa-uc.a.run.app","serviceAccountEmail":"988754056043-compute@developer.gserviceaccount.com","availableMemory":"256Mi","allTrafficOnLatestRevision":true,"revision":"ssr-00005-zeg","maxInstanceRequestConcurrency":80,"availableCpu":"1"},"state":"ACTIVE","labels":{"deployment-tool":"cli-firebase","firebase-functions-hash":"befaa356c92a82e2f841c8c962dce59fe309f2d8"},"environment":"GEN_2","url":"https://us-central1-visionpaidsurvey.cloudfunctions.net/ssr","satisfiesPzi":true},"stages":[{"name":"BUILD","message":"Build in progress","state":"IN_PROGRESS","resource":"projects/988754056043/locations/us-central1/builds/a9b9ea15-f546-45e1-9c8f-3bbd0d27df48","resourceUri":"https://console.cloud.google.com/cloud-build/builds;region=us-central1/a9b9ea15-f546-45e1-9c8f-3bbd0d27df48?project=988754056043"},{"name":"SERVICE","state":"NOT_STARTED"}],"operationType":"UPDATE_FUNCTION","buildName":"projects/988754056043/locations/us-central1/builds/a9b9ea15-f546-45e1-9c8f-3bbd0d27df48"},"done":false}
[debug] [2025-07-24T09:26:01.944Z] [update-default-us-central1-ssr] Retrying task index 0
[debug] [2025-07-24T09:26:01.944Z] Checked if tokens are valid: true, expires at: 1753350630557
[debug] [2025-07-24T09:26:01.944Z] Checked if tokens are valid: true, expires at: 1753350630557
[debug] [2025-07-24T09:26:01.945Z] >>> [apiv2][query] GET https://cloudfunctions.googleapis.com/v2/projects/visionpaidsurvey/locations/us-central1/operations/operation-1753349148428-63aa96928c91e-ea314d68-6b578ea6 [none]
[debug] [2025-07-24T09:26:03.323Z] <<< [apiv2][status] GET https://cloudfunctions.googleapis.com/v2/projects/visionpaidsurvey/locations/us-central1/operations/operation-1753349148428-63aa96928c91e-ea314d68-6b578ea6 200
[debug] [2025-07-24T09:26:03.323Z] <<< [apiv2][body] GET https://cloudfunctions.googleapis.com/v2/projects/visionpaidsurvey/locations/us-central1/operations/operation-1753349148428-63aa96928c91e-ea314d68-6b578ea6 {"name":"projects/visionpaidsurvey/locations/us-central1/operations/operation-1753349148428-63aa96928c91e-ea314d68-6b578ea6","metadata":{"@type":"type.googleapis.com/google.cloud.functions.v2.OperationMetadata","createTime":"2025-07-24T09:25:49.138029327Z","target":"projects/visionpaidsurvey/locations/us-central1/functions/ssr","verb":"update","cancelRequested":false,"apiVersion":"v2","requestResource":{"@type":"type.googleapis.com/google.cloud.functions.v2.Function","name":"projects/visionpaidsurvey/locations/us-central1/functions/ssr","buildConfig":{"runtime":"nodejs22","entryPoint":"ssr","source":{"storageSource":{"bucket":"gcf-v2-sources-988754056043-us-central1","object":"ssr/function-source.zip","generation":"1753349149074993"}},"environmentVariables":{"GOOGLE_NODE_RUN_SCRIPTS":""},"dockerRepository":"projects/visionpaidsurvey/locations/us-central1/repositories/gcf-artifacts","serviceAccount":"projects/visionpaidsurvey/serviceAccounts/988754056043-compute@developer.gserviceaccount.com","automaticUpdatePolicy":{}},"serviceConfig":{"service":"projects/visionpaidsurvey/locations/us-central1/services/ssr","timeoutSeconds":60,"environmentVariables":{"FIREBASE_CONFIG":"{\"projectId\":\"visionpaidsurvey\",\"storageBucket\":\"visionpaidsurvey.firebasestorage.app\"}","GCLOUD_PROJECT":"visionpaidsurvey","EVENTARC_CLOUD_EVENT_SOURCE":"projects/visionpaidsurvey/locations/us-central1/services/ssr","FUNCTION_TARGET":"ssr","LOG_EXECUTION_ID":"true"},"maxInstanceCount":10,"ingressSettings":"ALLOW_ALL","uri":"https://ssr-xy4tu5wnxa-uc.a.run.app","serviceAccountEmail":"988754056043-compute@developer.gserviceaccount.com","availableMemory":"256Mi","allTrafficOnLatestRevision":true,"revision":"ssr-00005-zeg","maxInstanceRequestConcurrency":80,"availableCpu":"1"},"state":"ACTIVE","labels":{"deployment-tool":"cli-firebase","firebase-functions-hash":"befaa356c92a82e2f841c8c962dce59fe309f2d8"},"environment":"GEN_2","url":"https://us-central1-visionpaidsurvey.cloudfunctions.net/ssr","satisfiesPzi":true},"stages":[{"name":"BUILD","message":"Build in progress","state":"IN_PROGRESS","resource":"projects/988754056043/locations/us-central1/builds/a9b9ea15-f546-45e1-9c8f-3bbd0d27df48","resourceUri":"https://console.cloud.google.com/cloud-build/builds;region=us-central1/a9b9ea15-f546-45e1-9c8f-3bbd0d27df48?project=988754056043"},{"name":"SERVICE","state":"NOT_STARTED"}],"operationType":"UPDATE_FUNCTION","buildName":"projects/988754056043/locations/us-central1/builds/a9b9ea15-f546-45e1-9c8f-3bbd0d27df48"},"done":false}
[debug] [2025-07-24T09:26:11.332Z] [update-default-us-central1-ssr] Retrying task index 0
[debug] [2025-07-24T09:26:11.339Z] Checked if tokens are valid: true, expires at: 1753350630557
[debug] [2025-07-24T09:26:11.341Z] Checked if tokens are valid: true, expires at: 1753350630557
[debug] [2025-07-24T09:26:11.342Z] >>> [apiv2][query] GET https://cloudfunctions.googleapis.com/v2/projects/visionpaidsurvey/locations/us-central1/operations/operation-1753349148428-63aa96928c91e-ea314d68-6b578ea6 [none]
[debug] [2025-07-24T09:26:12.797Z] <<< [apiv2][status] GET https://cloudfunctions.googleapis.com/v2/projects/visionpaidsurvey/locations/us-central1/operations/operation-1753349148428-63aa96928c91e-ea314d68-6b578ea6 200
[debug] [2025-07-24T09:26:12.797Z] <<< [apiv2][body] GET https://cloudfunctions.googleapis.com/v2/projects/visionpaidsurvey/locations/us-central1/operations/operation-1753349148428-63aa96928c91e-ea314d68-6b578ea6 {"name":"projects/visionpaidsurvey/locations/us-central1/operations/operation-1753349148428-63aa96928c91e-ea314d68-6b578ea6","metadata":{"@type":"type.googleapis.com/google.cloud.functions.v2.OperationMetadata","createTime":"2025-07-24T09:25:49.138029327Z","target":"projects/visionpaidsurvey/locations/us-central1/functions/ssr","verb":"update","cancelRequested":false,"apiVersion":"v2","requestResource":{"@type":"type.googleapis.com/google.cloud.functions.v2.Function","name":"projects/visionpaidsurvey/locations/us-central1/functions/ssr","buildConfig":{"runtime":"nodejs22","entryPoint":"ssr","source":{"storageSource":{"bucket":"gcf-v2-sources-988754056043-us-central1","object":"ssr/function-source.zip","generation":"1753349149074993"}},"environmentVariables":{"GOOGLE_NODE_RUN_SCRIPTS":""},"dockerRepository":"projects/visionpaidsurvey/locations/us-central1/repositories/gcf-artifacts","serviceAccount":"projects/visionpaidsurvey/serviceAccounts/988754056043-compute@developer.gserviceaccount.com","automaticUpdatePolicy":{}},"serviceConfig":{"service":"projects/visionpaidsurvey/locations/us-central1/services/ssr","timeoutSeconds":60,"environmentVariables":{"FIREBASE_CONFIG":"{\"projectId\":\"visionpaidsurvey\",\"storageBucket\":\"visionpaidsurvey.firebasestorage.app\"}","GCLOUD_PROJECT":"visionpaidsurvey","EVENTARC_CLOUD_EVENT_SOURCE":"projects/visionpaidsurvey/locations/us-central1/services/ssr","FUNCTION_TARGET":"ssr","LOG_EXECUTION_ID":"true"},"maxInstanceCount":10,"ingressSettings":"ALLOW_ALL","uri":"https://ssr-xy4tu5wnxa-uc.a.run.app","serviceAccountEmail":"988754056043-compute@developer.gserviceaccount.com","availableMemory":"256Mi","allTrafficOnLatestRevision":true,"revision":"ssr-00005-zeg","maxInstanceRequestConcurrency":80,"availableCpu":"1"},"state":"ACTIVE","labels":{"deployment-tool":"cli-firebase","firebase-functions-hash":"befaa356c92a82e2f841c8c962dce59fe309f2d8"},"environment":"GEN_2","url":"https://us-central1-visionpaidsurvey.cloudfunctions.net/ssr","satisfiesPzi":true},"stages":[{"name":"BUILD","message":"Build in progress","state":"IN_PROGRESS","resource":"projects/988754056043/locations/us-central1/builds/a9b9ea15-f546-45e1-9c8f-3bbd0d27df48","resourceUri":"https://console.cloud.google.com/cloud-build/builds;region=us-central1/a9b9ea15-f546-45e1-9c8f-3bbd0d27df48?project=988754056043"},{"name":"SERVICE","state":"NOT_STARTED"}],"operationType":"UPDATE_FUNCTION","buildName":"projects/988754056043/locations/us-central1/builds/a9b9ea15-f546-45e1-9c8f-3bbd0d27df48"},"done":false}
[debug] [2025-07-24T09:26:22.797Z] [update-default-us-central1-ssr] Retrying task index 0
[debug] [2025-07-24T09:26:22.799Z] Checked if tokens are valid: true, expires at: 1753350630557
[debug] [2025-07-24T09:26:22.799Z] Checked if tokens are valid: true, expires at: 1753350630557
[debug] [2025-07-24T09:26:22.800Z] >>> [apiv2][query] GET https://cloudfunctions.googleapis.com/v2/projects/visionpaidsurvey/locations/us-central1/operations/operation-1753349148428-63aa96928c91e-ea314d68-6b578ea6 [none]
[debug] [2025-07-24T09:26:24.269Z] <<< [apiv2][status] GET https://cloudfunctions.googleapis.com/v2/projects/visionpaidsurvey/locations/us-central1/operations/operation-1753349148428-63aa96928c91e-ea314d68-6b578ea6 200
[debug] [2025-07-24T09:26:24.269Z] <<< [apiv2][body] GET https://cloudfunctions.googleapis.com/v2/projects/visionpaidsurvey/locations/us-central1/operations/operation-1753349148428-63aa96928c91e-ea314d68-6b578ea6 {"name":"projects/visionpaidsurvey/locations/us-central1/operations/operation-1753349148428-63aa96928c91e-ea314d68-6b578ea6","metadata":{"@type":"type.googleapis.com/google.cloud.functions.v2.OperationMetadata","createTime":"2025-07-24T09:25:49.138029327Z","target":"projects/visionpaidsurvey/locations/us-central1/functions/ssr","verb":"update","cancelRequested":false,"apiVersion":"v2","requestResource":{"@type":"type.googleapis.com/google.cloud.functions.v2.Function","name":"projects/visionpaidsurvey/locations/us-central1/functions/ssr","buildConfig":{"runtime":"nodejs22","entryPoint":"ssr","source":{"storageSource":{"bucket":"gcf-v2-sources-988754056043-us-central1","object":"ssr/function-source.zip","generation":"1753349149074993"}},"environmentVariables":{"GOOGLE_NODE_RUN_SCRIPTS":""},"dockerRepository":"projects/visionpaidsurvey/locations/us-central1/repositories/gcf-artifacts","serviceAccount":"projects/visionpaidsurvey/serviceAccounts/988754056043-compute@developer.gserviceaccount.com","automaticUpdatePolicy":{}},"serviceConfig":{"service":"projects/visionpaidsurvey/locations/us-central1/services/ssr","timeoutSeconds":60,"environmentVariables":{"FIREBASE_CONFIG":"{\"projectId\":\"visionpaidsurvey\",\"storageBucket\":\"visionpaidsurvey.firebasestorage.app\"}","GCLOUD_PROJECT":"visionpaidsurvey","EVENTARC_CLOUD_EVENT_SOURCE":"projects/visionpaidsurvey/locations/us-central1/services/ssr","FUNCTION_TARGET":"ssr","LOG_EXECUTION_ID":"true"},"maxInstanceCount":10,"ingressSettings":"ALLOW_ALL","uri":"https://ssr-xy4tu5wnxa-uc.a.run.app","serviceAccountEmail":"988754056043-compute@developer.gserviceaccount.com","availableMemory":"256Mi","allTrafficOnLatestRevision":true,"revision":"ssr-00005-zeg","maxInstanceRequestConcurrency":80,"availableCpu":"1"},"state":"ACTIVE","labels":{"deployment-tool":"cli-firebase","firebase-functions-hash":"befaa356c92a82e2f841c8c962dce59fe309f2d8"},"environment":"GEN_2","url":"https://us-central1-visionpaidsurvey.cloudfunctions.net/ssr","satisfiesPzi":true},"stages":[{"name":"BUILD","message":"Build in progress","state":"IN_PROGRESS","resource":"projects/988754056043/locations/us-central1/builds/a9b9ea15-f546-45e1-9c8f-3bbd0d27df48","resourceUri":"https://console.cloud.google.com/cloud-build/builds;region=us-central1/a9b9ea15-f546-45e1-9c8f-3bbd0d27df48?project=988754056043"},{"name":"SERVICE","state":"NOT_STARTED"}],"operationType":"UPDATE_FUNCTION","buildName":"projects/988754056043/locations/us-central1/builds/a9b9ea15-f546-45e1-9c8f-3bbd0d27df48"},"done":false}
[debug] [2025-07-24T09:26:34.273Z] [update-default-us-central1-ssr] Retrying task index 0
[debug] [2025-07-24T09:26:34.274Z] Checked if tokens are valid: true, expires at: 1753350630557
[debug] [2025-07-24T09:26:34.274Z] Checked if tokens are valid: true, expires at: 1753350630557
[debug] [2025-07-24T09:26:34.274Z] >>> [apiv2][query] GET https://cloudfunctions.googleapis.com/v2/projects/visionpaidsurvey/locations/us-central1/operations/operation-1753349148428-63aa96928c91e-ea314d68-6b578ea6 [none]
[debug] [2025-07-24T09:26:35.679Z] <<< [apiv2][status] GET https://cloudfunctions.googleapis.com/v2/projects/visionpaidsurvey/locations/us-central1/operations/operation-1753349148428-63aa96928c91e-ea314d68-6b578ea6 200
[debug] [2025-07-24T09:26:35.680Z] <<< [apiv2][body] GET https://cloudfunctions.googleapis.com/v2/projects/visionpaidsurvey/locations/us-central1/operations/operation-1753349148428-63aa96928c91e-ea314d68-6b578ea6 {"name":"projects/visionpaidsurvey/locations/us-central1/operations/operation-1753349148428-63aa96928c91e-ea314d68-6b578ea6","metadata":{"@type":"type.googleapis.com/google.cloud.functions.v2.OperationMetadata","createTime":"2025-07-24T09:25:49.138029327Z","target":"projects/visionpaidsurvey/locations/us-central1/functions/ssr","verb":"update","cancelRequested":false,"apiVersion":"v2","requestResource":{"@type":"type.googleapis.com/google.cloud.functions.v2.Function","name":"projects/visionpaidsurvey/locations/us-central1/functions/ssr","buildConfig":{"runtime":"nodejs22","entryPoint":"ssr","source":{"storageSource":{"bucket":"gcf-v2-sources-988754056043-us-central1","object":"ssr/function-source.zip","generation":"1753349149074993"}},"environmentVariables":{"GOOGLE_NODE_RUN_SCRIPTS":""},"dockerRepository":"projects/visionpaidsurvey/locations/us-central1/repositories/gcf-artifacts","serviceAccount":"projects/visionpaidsurvey/serviceAccounts/988754056043-compute@developer.gserviceaccount.com","automaticUpdatePolicy":{}},"serviceConfig":{"service":"projects/visionpaidsurvey/locations/us-central1/services/ssr","timeoutSeconds":60,"environmentVariables":{"FIREBASE_CONFIG":"{\"projectId\":\"visionpaidsurvey\",\"storageBucket\":\"visionpaidsurvey.firebasestorage.app\"}","GCLOUD_PROJECT":"visionpaidsurvey","EVENTARC_CLOUD_EVENT_SOURCE":"projects/visionpaidsurvey/locations/us-central1/services/ssr","FUNCTION_TARGET":"ssr","LOG_EXECUTION_ID":"true"},"maxInstanceCount":10,"ingressSettings":"ALLOW_ALL","uri":"https://ssr-xy4tu5wnxa-uc.a.run.app","serviceAccountEmail":"988754056043-compute@developer.gserviceaccount.com","availableMemory":"256Mi","allTrafficOnLatestRevision":true,"revision":"ssr-00005-zeg","maxInstanceRequestConcurrency":80,"availableCpu":"1"},"state":"ACTIVE","labels":{"deployment-tool":"cli-firebase","firebase-functions-hash":"befaa356c92a82e2f841c8c962dce59fe309f2d8"},"environment":"GEN_2","url":"https://us-central1-visionpaidsurvey.cloudfunctions.net/ssr","satisfiesPzi":true},"stages":[{"name":"BUILD","message":"Build finished","state":"COMPLETE","resource":"projects/988754056043/locations/us-central1/builds/a9b9ea15-f546-45e1-9c8f-3bbd0d27df48","resourceUri":"https://console.cloud.google.com/cloud-build/builds;region=us-central1/a9b9ea15-f546-45e1-9c8f-3bbd0d27df48?project=988754056043"},{"name":"SERVICE","message":"Updating Cloud Run service","state":"IN_PROGRESS","resource":"projects/visionpaidsurvey/locations/us-central1/services/ssr","resourceUri":"https://console.cloud.google.com/run/detail/us-central1/ssr?project=visionpaidsurvey","stateMessages":[{"severity":"INFO","type":"CloudRunServiceNewRevisionTrafficInfo","message":"A new revision will be deployed serving with 100% traffic."}]}],"sourceToken":"Cldwcm9qZWN0cy85ODg3NTQwNTYwNDMvbG9jYXRpb25zL3VzLWNlbnRyYWwxL2J1aWxkcy9hOWI5ZWExNS1mNTQ2LTQ1ZTEtOWM4Zi0zYmJkMGQyN2RmNDgSZ3VzLWNlbnRyYWwxLWRvY2tlci5wa2cuZGV2L3Zpc2lvbnBhaWRzdXJ2ZXkvZ2NmLWFydGlmYWN0cy92aXNpb25wYWlkc3VydmV5X191cy0tY2VudHJhbDFfX3Nzcjp2ZXJzaW9uXzEY66bWsuMcIj1wcm9qZWN0cy92aXNpb25wYWlkc3VydmV5L2xvY2F0aW9ucy91cy1jZW50cmFsMS9mdW5jdGlvbnMvc3NyKgsIyfiHxAYQ6ISAKjIIbm9kZWpzMjI6dgojZ2NyLmlvL2dhZS1ydW50aW1lcy9ub2RlanMyMjpzdGFibGUST3VzLWNlbnRyYWwxLWRvY2tlci5wa2cuZGV2L3NlcnZlcmxlc3MtcnVudGltZXMvZ29vZ2xlLTIyLWZ1bGwvcnVudGltZXMvbm9kZWpzMjJAAQ==","operationType":"UPDATE_FUNCTION","buildName":"projects/988754056043/locations/us-central1/builds/a9b9ea15-f546-45e1-9c8f-3bbd0d27df48"},"done":false}
[debug] [2025-07-24T09:26:35.680Z] Got source token Cldwcm9qZWN0cy85ODg3NTQwNTYwNDMvbG9jYXRpb25zL3VzLWNlbnRyYWwxL2J1aWxkcy9hOWI5ZWExNS1mNTQ2LTQ1ZTEtOWM4Zi0zYmJkMGQyN2RmNDgSZ3VzLWNlbnRyYWwxLWRvY2tlci5wa2cuZGV2L3Zpc2lvbnBhaWRzdXJ2ZXkvZ2NmLWFydGlmYWN0cy92aXNpb25wYWlkc3VydmV5X191cy0tY2VudHJhbDFfX3Nzcjp2ZXJzaW9uXzEY66bWsuMcIj1wcm9qZWN0cy92aXNpb25wYWlkc3VydmV5L2xvY2F0aW9ucy91cy1jZW50cmFsMS9mdW5jdGlvbnMvc3NyKgsIyfiHxAYQ6ISAKjIIbm9kZWpzMjI6dgojZ2NyLmlvL2dhZS1ydW50aW1lcy9ub2RlanMyMjpzdGFibGUST3VzLWNlbnRyYWwxLWRvY2tlci5wa2cuZGV2L3NlcnZlcmxlc3MtcnVudGltZXMvZ29vZ2xlLTIyLWZ1bGwvcnVudGltZXMvbm9kZWpzMjJAAQ== for region us-central1
[debug] [2025-07-24T09:26:45.684Z] [update-default-us-central1-ssr] Retrying task index 0
[debug] [2025-07-24T09:26:45.685Z] Checked if tokens are valid: true, expires at: 1753350630557
[debug] [2025-07-24T09:26:45.685Z] Checked if tokens are valid: true, expires at: 1753350630557
[debug] [2025-07-24T09:26:45.686Z] >>> [apiv2][query] GET https://cloudfunctions.googleapis.com/v2/projects/visionpaidsurvey/locations/us-central1/operations/operation-1753349148428-63aa96928c91e-ea314d68-6b578ea6 [none]
[debug] [2025-07-24T09:26:47.166Z] <<< [apiv2][status] GET https://cloudfunctions.googleapis.com/v2/projects/visionpaidsurvey/locations/us-central1/operations/operation-1753349148428-63aa96928c91e-ea314d68-6b578ea6 200
[debug] [2025-07-24T09:26:47.166Z] <<< [apiv2][body] GET https://cloudfunctions.googleapis.com/v2/projects/visionpaidsurvey/locations/us-central1/operations/operation-1753349148428-63aa96928c91e-ea314d68-6b578ea6 {"name":"projects/visionpaidsurvey/locations/us-central1/operations/operation-1753349148428-63aa96928c91e-ea314d68-6b578ea6","metadata":{"@type":"type.googleapis.com/google.cloud.functions.v2.OperationMetadata","createTime":"2025-07-24T09:25:49.138029327Z","endTime":"2025-07-24T09:26:45.498706994Z","target":"projects/visionpaidsurvey/locations/us-central1/functions/ssr","verb":"update","cancelRequested":false,"apiVersion":"v2","requestResource":{"@type":"type.googleapis.com/google.cloud.functions.v2.Function","name":"projects/visionpaidsurvey/locations/us-central1/functions/ssr","buildConfig":{"runtime":"nodejs22","entryPoint":"ssr","source":{"storageSource":{"bucket":"gcf-v2-sources-988754056043-us-central1","object":"ssr/function-source.zip","generation":"1753349149074993"}},"environmentVariables":{"GOOGLE_NODE_RUN_SCRIPTS":""},"dockerRepository":"projects/visionpaidsurvey/locations/us-central1/repositories/gcf-artifacts","serviceAccount":"projects/visionpaidsurvey/serviceAccounts/988754056043-compute@developer.gserviceaccount.com","automaticUpdatePolicy":{}},"serviceConfig":{"service":"projects/visionpaidsurvey/locations/us-central1/services/ssr","timeoutSeconds":60,"environmentVariables":{"FIREBASE_CONFIG":"{\"projectId\":\"visionpaidsurvey\",\"storageBucket\":\"visionpaidsurvey.firebasestorage.app\"}","GCLOUD_PROJECT":"visionpaidsurvey","EVENTARC_CLOUD_EVENT_SOURCE":"projects/visionpaidsurvey/locations/us-central1/services/ssr","FUNCTION_TARGET":"ssr","LOG_EXECUTION_ID":"true"},"maxInstanceCount":10,"ingressSettings":"ALLOW_ALL","uri":"https://ssr-xy4tu5wnxa-uc.a.run.app","serviceAccountEmail":"988754056043-compute@developer.gserviceaccount.com","availableMemory":"256Mi","allTrafficOnLatestRevision":true,"revision":"ssr-00005-zeg","maxInstanceRequestConcurrency":80,"availableCpu":"1"},"state":"ACTIVE","labels":{"deployment-tool":"cli-firebase","firebase-functions-hash":"befaa356c92a82e2f841c8c962dce59fe309f2d8"},"environment":"GEN_2","url":"https://us-central1-visionpaidsurvey.cloudfunctions.net/ssr","satisfiesPzi":true},"stages":[{"name":"SERVICE","state":"NOT_STARTED"}],"operationType":"UPDATE_FUNCTION"},"done":true,"error":{"code":3,"message":"Could not create or update Cloud Run service ssr, Container Healthcheck failed. Revision 'ssr-00006-tej' is not ready and cannot serve traffic. The user-provided container failed to start and listen on the port defined provided by the PORT=8080 environment variable within the allocated timeout. This can happen when the container port is misconfigured or if the timeout is too short. The health check timeout can be extended. Logs for this revision might contain more information.\n\nLogs URL: https://console.cloud.google.com/logs/viewer?project=visionpaidsurvey&resource=cloud_run_revision/service_name/ssr/revision_name/ssr-00006-tej&advancedFilter=resource.type%3D%22cloud_run_revision%22%0Aresource.labels.service_name%3D%22ssr%22%0Aresource.labels.revision_name%3D%22ssr-00006-tej%22 \nFor more troubleshooting guidance, see https://cloud.google.com/run/docs/troubleshooting#container-failed-to-start"}}
[debug] [2025-07-24T09:26:47.166Z] Got source token undefined for region us-central1
[error] Could not create or update Cloud Run service ssr, Container Healthcheck failed. Revision 'ssr-00006-tej' is not ready and cannot serve traffic. The user-provided container failed to start and listen on the port defined provided by the PORT=8080 environment variable within the allocated timeout. This can happen when the container port is misconfigured or if the timeout is too short. The health check timeout can be extended. Logs for this revision might contain more information.

Logs URL: https://console.cloud.google.com/logs/viewer?project=visionpaidsurvey&resource=cloud_run_revision/service_name/ssr/revision_name/ssr-00006-tej&advancedFilter=resource.type%3D%22cloud_run_revision%22%0Aresource.labels.service_name%3D%22ssr%22%0Aresource.labels.revision_name%3D%22ssr-00006-tej%22 
For more troubleshooting guidance, see https://cloud.google.com/run/docs/troubleshooting#container-failed-to-start
[debug] [2025-07-24T09:26:47.187Z] Total Function Deployment time: 59213
[debug] [2025-07-24T09:26:47.187Z] 1 Functions Deployed
[debug] [2025-07-24T09:26:47.187Z] 1 Functions Errored
[debug] [2025-07-24T09:26:47.187Z] 0 Function Deployments Aborted
[debug] [2025-07-24T09:26:47.187Z] Average Function Deployment time: 59210
[info] 
[info] Functions deploy had errors with the following functions:
	ssr(us-central1)
[debug] [2025-07-24T09:26:47.399Z] Not printing URL for HTTPS function. Typically this means it didn't match a filter or we failed deployment
[debug] [2025-07-24T09:26:47.406Z] Checked if tokens are valid: true, expires at: 1753350630557
[debug] [2025-07-24T09:26:47.407Z] Checked if tokens are valid: true, expires at: 1753350630557
[debug] [2025-07-24T09:26:47.408Z] >>> [apiv2][query] GET https://artifactregistry.googleapis.com/v1/projects/visionpaidsurvey/locations/us-central1/repositories/gcf-artifacts [none]
[debug] [2025-07-24T09:26:48.927Z] <<< [apiv2][status] GET https://artifactregistry.googleapis.com/v1/projects/visionpaidsurvey/locations/us-central1/repositories/gcf-artifacts 200
[debug] [2025-07-24T09:26:48.927Z] <<< [apiv2][body] GET https://artifactregistry.googleapis.com/v1/projects/visionpaidsurvey/locations/us-central1/repositories/gcf-artifacts {"name":"projects/visionpaidsurvey/locations/us-central1/repositories/gcf-artifacts","format":"DOCKER","description":"This repository is created and used by Cloud Functions for storing function docker images.","labels":{"goog-managed-by":"cloudfunctions"},"createTime":"2025-07-22T10:59:52.088901Z","updateTime":"2025-07-24T09:26:21.846821Z","mode":"STANDARD_REPOSITORY","cleanupPolicies":{"firebase-functions-cleanup":{"id":"firebase-functions-cleanup","action":"DELETE","condition":{"tagState":"ANY","olderThan":"86400s"}}},"sizeBytes":"169019750","vulnerabilityScanningConfig":{"lastEnableTime":"2025-07-22T10:59:51.402674654Z","enablementState":"SCANNING_DISABLED","enablementStateReason":"API containerscanning.googleapis.com is not enabled."},"satisfiesPzi":true,"registryUri":"us-central1-docker.pkg.dev/visionpaidsurvey/gcf-artifacts"}
[debug] [2025-07-24T09:26:48.929Z] Functions deploy failed.
[debug] [2025-07-24T09:26:48.929Z] {
  "endpoint": {
    "id": "ssr",
    "project": "visionpaidsurvey",
    "region": "us-central1",
    "entryPoint": "ssr",
    "platform": "gcfv2",
    "runtime": "nodejs22",
    "httpsTrigger": {},
    "labels": {
      "deployment-tool": "cli-firebase"
    },
    "serviceAccount": null,
    "ingressSettings": null,
    "availableMemoryMb": null,
    "timeoutSeconds": null,
    "maxInstances": 10,
    "minInstances": null,
    "concurrency": 80,
    "vpc": null,
    "environmentVariables": {
      "FIREBASE_CONFIG": "{\"projectId\":\"visionpaidsurvey\",\"storageBucket\":\"visionpaidsurvey.firebasestorage.app\"}",
      "GCLOUD_PROJECT": "visionpaidsurvey",
      "EVENTARC_CLOUD_EVENT_SOURCE": "projects/visionpaidsurvey/locations/us-central1/services/ssr",
      "FUNCTION_TARGET": "ssr",
      "LOG_EXECUTION_ID": "true"
    },
    "codebase": "default",
    "runServiceId": "ssr",
    "cpu": 1,
    "securityLevel": "SECURE_ALWAYS",
    "targetedByOnly": false,
    "hash": "befaa356c92a82e2f841c8c962dce59fe309f2d8"
  },
  "op": "update",
  "original": {
    "name": "FirebaseError",
    "children": [],
    "exit": 1,
    "message": "Could not create or update Cloud Run service ssr, Container Healthcheck failed. Revision 'ssr-00006-tej' is not ready and cannot serve traffic. The user-provided container failed to start and listen on the port defined provided by the PORT=8080 environment variable within the allocated timeout. This can happen when the container port is misconfigured or if the timeout is too short. The health check timeout can be extended. Logs for this revision might contain more information.\n\nLogs URL: https://console.cloud.google.com/logs/viewer?project=visionpaidsurvey&resource=cloud_run_revision/service_name/ssr/revision_name/ssr-00006-tej&advancedFilter=resource.type%3D%22cloud_run_revision%22%0Aresource.labels.service_name%3D%22ssr%22%0Aresource.labels.revision_name%3D%22ssr-00006-tej%22 \nFor more troubleshooting guidance, see https://cloud.google.com/run/docs/troubleshooting#container-failed-to-start",
    "original": {
      "code": 3,
      "message": "Could not create or update Cloud Run service ssr, Container Healthcheck failed. Revision 'ssr-00006-tej' is not ready and cannot serve traffic. The user-provided container failed to start and listen on the port defined provided by the PORT=8080 environment variable within the allocated timeout. This can happen when the container port is misconfigured or if the timeout is too short. The health check timeout can be extended. Logs for this revision might contain more information.\n\nLogs URL: https://console.cloud.google.com/logs/viewer?project=visionpaidsurvey&resource=cloud_run_revision/service_name/ssr/revision_name/ssr-00006-tej&advancedFilter=resource.type%3D%22cloud_run_revision%22%0Aresource.labels.service_name%3D%22ssr%22%0Aresource.labels.revision_name%3D%22ssr-00006-tej%22 \nFor more troubleshooting guidance, see https://cloud.google.com/run/docs/troubleshooting#container-failed-to-start"
    },
    "status": 3,
    "code": 3
  }
}
[debug] [2025-07-24T09:26:49.014Z] Error: Failed to update function ssr in region us-central1
    at C:\Users\PawanRajoria\AppData\Roaming\npm\node_modules\firebase-tools\lib\deploy\functions\release\fabricator.js:399:19
    at process.processTicksAndRejections (node:internal/process/task_queues:105:5)
    at async Fabricator.updateV2Function (C:\Users\PawanRajoria\AppData\Roaming\npm\node_modules\firebase-tools\lib\deploy\functions\release\fabricator.js:388:32)
    at async Fabricator.updateEndpoint (C:\Users\PawanRajoria\AppData\Roaming\npm\node_modules\firebase-tools\lib\deploy\functions\release\fabricator.js:155:13)
    at async handle (C:\Users\PawanRajoria\AppData\Roaming\npm\node_modules\firebase-tools\lib\deploy\functions\release\fabricator.js:89:17)
[error] 
[error] Error: There was an error deploying functions
